{
"type": "FeatureCollection",
"name": "District2",
"crs": { "type": "name", "properties": { "name": "urn:ogc:def:crs:OGC:1.3:CRS84" } },
"features": [
{ "type": "Feature", "properties": { "fid": 1, "region": 1, "district": 1 }, "geometry": { "type": "Polygon", "coordinates": [ [ [ 59.544700000415773, 36.325700002043284 ], [ 59.544999999767974, 36.325700001643199 ], [ 59.546099999877356, 36.32560000201326 ], [ 59.54790000049146, 36.325300002175602 ], [ 59.548100000088809, 36.325200002328558 ], [ 59.548900000559151, 36.325100002347163 ], [ 59.549099999605993, 36.325200002368156 ], [ 59.562199999800825, 36.32440000202434 ], [ 59.562500000251696, 36.324300001820362 ], [ 59.563099999825354, 36.324000001930116 ], [ 59.563600000197773, 36.324000001954346 ], [ 59.564499999642713, 36.324200002056564 ], [ 59.567099999711132, 36.324100001952004 ], [ 59.570299999994745, 36.323900002138856 ], [ 59.576400000104037, 36.323500002407535 ], [ 59.57650000024023, 36.323400001667565 ], [ 59.576499999734395, 36.323300001996145 ], [ 59.576600000152943, 36.323300001753168 ], [ 59.576599999526991, 36.323200002085365 ], [ 59.576799999465685, 36.323000002014695 ], [ 59.576899999611769, 36.322900001854791 ], [ 59.576999999504729, 36.322800001619825 ], [ 59.577300000303659, 36.322600001884524 ], [ 59.57780000018662, 36.322500002351134 ], [ 59.574899999880955, 36.311700002398602 ], [ 59.574499999991801, 36.310100002199412 ], [ 59.573600000170018, 36.308000001868926 ], [ 59.573700000464513, 36.307600001891991 ], [ 59.573500000098413, 36.307200002220135 ], [ 59.573099999444345, 36.307000001603093 ], [ 59.572199999522873, 36.305200002089727 ], [ 59.568899999464406, 36.298500001716953 ], [ 59.569600000441405, 36.29820000230616 ], [ 59.569299999608894, 36.297500001860136 ], [ 59.56850000028949, 36.295200001661485 ], [ 59.568000000461247, 36.293900001779051 ], [ 59.567599999799086, 36.292400002206151 ], [ 59.567499999909195, 36.291300002398266 ], [ 59.567400000465938, 36.289900002155747 ], [ 59.567299999812327, 36.28880000171722 ], [ 59.56729999952281, 36.287500002312875 ], [ 59.567399999984268, 36.28660000177387 ], [ 59.56719999950397, 36.286200002347528 ], [ 59.567792692637212, 36.285014616357962 ], [ 59.563699999553151, 36.283600001652239 ], [ 59.563299999551802, 36.284200002363619 ], [ 59.562400000153986, 36.283800002353736 ], [ 59.562100000183626, 36.284400001819563 ], [ 59.5615999996688, 36.284300002016927 ], [ 59.561299999838972, 36.284200001962688 ], [ 59.559999999450852, 36.283600001763411 ], [ 59.55980000028481, 36.283800001571159 ], [ 59.559599999549306, 36.283800001675203 ], [ 59.558100000403094, 36.285500001959939 ], [ 59.557600000107016, 36.285900002115888 ], [ 59.557500000413484, 36.286600001633467 ], [ 59.557600000011185, 36.287200002072126 ], [ 59.556899999739784, 36.287400001988239 ], [ 59.562700000253514, 36.299700001798918 ], [ 59.562500000244775, 36.300400001655653 ], [ 59.541299999567059, 36.314400002290505 ], [ 59.541599999570678, 36.315000002299122 ], [ 59.541600000393892, 36.315100001991702 ], [ 59.541600000111941, 36.315200001706415 ], [ 59.541599999866953, 36.315300002320292 ], [ 59.541600000454466, 36.315500001718519 ], [ 59.541499999923353, 36.315600001872902 ], [ 59.541499999552038, 36.315700001585121 ], [ 59.541400000418918, 36.315900002235431 ], [ 59.541199999836188, 36.31610000213513 ], [ 59.541200000232649, 36.316200001831255 ], [ 59.541199999553179, 36.31630000245022 ], [ 59.541800000400883, 36.318600002342606 ], [ 59.543199999698921, 36.323700001947579 ], [ 59.543399999917035, 36.32440000178979 ], [ 59.543400000457879, 36.324500002221114 ], [ 59.543500000518208, 36.324600002221104 ], [ 59.543500000060121, 36.324700001767383 ], [ 59.543499999639032, 36.324800002212832 ], [ 59.543600000514623, 36.324800001665466 ], [ 59.543600000229162, 36.324900002104329 ], [ 59.543699999964808, 36.325000001924131 ], [ 59.543699999822714, 36.32510000235493 ], [ 59.543799999958971, 36.325100001648565 ], [ 59.543900000240946, 36.325200002178242 ], [ 59.543999999639134, 36.325300001735613 ], [ 59.544100000045383, 36.325300001668467 ], [ 59.544199999854285, 36.325400001942263 ], [ 59.544300000378364, 36.32540000170254 ], [ 59.544399999813663, 36.325400002303404 ], [ 59.544500000327631, 36.325400001896121 ], [ 59.544599999650664, 36.325500001831792 ], [ 59.544700000311764, 36.325500002152573 ], [ 59.544700000415773, 36.325700002043284 ] ] ] } },
{ "type": "Feature", "properties": { "fid": 2, "region": 13, "district": 4 }, "geometry": { "type": "Polygon", "coordinates": [ [ [ 59.616250711461902, 36.288302416630415 ], [ 59.623519982686489, 36.281478564795073 ], [ 59.623079434155365, 36.281083505624181 ], [ 59.623053268482813, 36.280966916193968 ], [ 59.622049396738618, 36.280240895001668 ], [ 59.621340169808782, 36.279670630399188 ], [ 59.621005246509768, 36.279308456866445 ], [ 59.620203694796309, 36.277974131630209 ], [ 59.61995176289534, 36.277763350722999 ], [ 59.619577179858496, 36.27754624600437 ], [ 59.619024633574867, 36.277333039347909 ], [ 59.618660876829729, 36.277106680812665 ], [ 59.618568884466271, 36.277018568790879 ], [ 59.618388211117583, 36.276941414166373 ], [ 59.618220165602871, 36.276909045116419 ], [ 59.617986888185662, 36.276923168233672 ], [ 59.617845000162966, 36.277007389607846 ], [ 59.617772255910104, 36.277162198646053 ], [ 59.617582867158269, 36.277157335161235 ], [ 59.617480364116673, 36.277420946218186 ], [ 59.616801588760332, 36.278427207815625 ], [ 59.615356203517884, 36.28014422012086 ], [ 59.613207545979158, 36.282804903077555 ], [ 59.613019945836072, 36.282854067801729 ], [ 59.612609590589457, 36.283327014789691 ], [ 59.612706388833693, 36.283376147324297 ], [ 59.612773933105501, 36.283438509210704 ], [ 59.612833251784096, 36.283500359632278 ], [ 59.612892368647579, 36.283585624884395 ], [ 59.612921346926719, 36.283645253687027 ], [ 59.612945279238616, 36.283719234658662 ], [ 59.612956642082175, 36.283787962082968 ], [ 59.612956681801251, 36.283875785320483 ], [ 59.612942852360497, 36.283954635058279 ], [ 59.612902423745574, 36.284059901254302 ], [ 59.612855868158185, 36.284134936767316 ], [ 59.612803117762034, 36.284197330426331 ], [ 59.612721437508036, 36.284268835715778 ], [ 59.612655869685248, 36.28431214309191 ], [ 59.612613244697854, 36.284335321013963 ], [ 59.616250711461902, 36.288302416630415 ] ] ] } },
{ "type": "Feature", "properties": { "fid": 3, "region": 4, "district": 2 }, "geometry": { "type": "Polygon", "coordinates": [ [ [ 59.652906757516924, 36.311816544662847 ], [ 59.663810007398368, 36.305318568200157 ], [ 59.663979803016353, 36.305232737321887 ], [ 59.664339025715009, 36.305012917416306 ], [ 59.664497100176504, 36.304896488257043 ], [ 59.664758687949778, 36.304669531941215 ], [ 59.664963169589932, 36.304452738897645 ], [ 59.665214015180673, 36.304113196779198 ], [ 59.665284327873756, 36.303995333897142 ], [ 59.66538016075021, 36.30380847206736 ], [ 59.665440942224556, 36.303666623950946 ], [ 59.665544677563823, 36.303339588396504 ], [ 59.66558386592822, 36.303143812327278 ], [ 59.665600039678601, 36.303020997994572 ], [ 59.665610530536007, 36.302884620393655 ], [ 59.665607081533146, 36.302596449048274 ], [ 59.665593995982334, 36.30246542368107 ], [ 59.665570692883755, 36.30231878221467 ], [ 59.665498822417511, 36.30203469963697 ], [ 59.665447701760286, 36.301888977964104 ], [ 59.665379769521074, 36.301728931851059 ], [ 59.665246473132846, 36.301477796693113 ], [ 59.665114051846878, 36.301277094997161 ], [ 59.664899395222477, 36.301013311830033 ], [ 59.663603064794238, 36.299541143431874 ], [ 59.662605994487883, 36.298408776176458 ], [ 59.662294289002773, 36.298018715328205 ], [ 59.662067064166337, 36.297678133027162 ], [ 59.661850221329153, 36.297299531074152 ], [ 59.661679294538452, 36.296946663198035 ], [ 59.661555341106968, 36.296644661929164 ], [ 59.661380914731446, 36.296098780913852 ], [ 59.660826802446799, 36.296174210103764 ], [ 59.660561040913471, 36.295233808756748 ], [ 59.660576864526483, 36.295044193394226 ], [ 59.660271065436319, 36.294064795719457 ], [ 59.65924381908934, 36.290381727385785 ], [ 59.658845675861031, 36.289572640180381 ], [ 59.658358841016145, 36.288755781985294 ], [ 59.658281338969395, 36.288686912434834 ], [ 59.658191411193393, 36.288640876839615 ], [ 59.658049901022757, 36.288588571264839 ], [ 59.657868393967121, 36.288573060402605 ], [ 59.657598881364748, 36.288609347994836 ], [ 59.655927436551387, 36.288961460009482 ], [ 59.652995058284326, 36.289513491782841 ], [ 59.651689409631913, 36.28983211105232 ], [ 59.650756662544921, 36.290115304752817 ], [ 59.649734090201008, 36.290472418162466 ], [ 59.649460699178661, 36.290947134553122 ], [ 59.649129401642476, 36.291026579012673 ], [ 59.649529347693758, 36.292220155643726 ], [ 59.650022245303198, 36.293689749852653 ], [ 59.650110901923803, 36.294039174579247 ], [ 59.650303924431441, 36.294645587346508 ], [ 59.650366673322154, 36.294878229919391 ], [ 59.650353287557998, 36.294891482437016 ], [ 59.650455057425177, 36.295213786345222 ], [ 59.65042834567631, 36.295240020596829 ], [ 59.650502339320219, 36.29530582132476 ], [ 59.650701854728531, 36.295912094603651 ], [ 59.650910348917257, 36.296831592651095 ], [ 59.65105842632024, 36.297109159202172 ], [ 59.651151326110565, 36.2976304947763 ], [ 59.651262184653952, 36.298422295012884 ], [ 59.651178938313343, 36.298722522747482 ], [ 59.650970147526742, 36.298824404018028 ], [ 59.650843785094303, 36.29906812754804 ], [ 59.650798785761559, 36.299264296140606 ], [ 59.649774603531981, 36.300362683025 ], [ 59.649350300180615, 36.300787707009455 ], [ 59.649036402819846, 36.301126510578989 ], [ 59.649003559505871, 36.301232245316292 ], [ 59.648757814855969, 36.301484286146554 ], [ 59.648733028913718, 36.301461883293371 ], [ 59.64863009957773, 36.301568167697084 ], [ 59.648561921544285, 36.301698149011997 ], [ 59.648215278688937, 36.302058474768685 ], [ 59.648052167101454, 36.30213315344718 ], [ 59.647720250016619, 36.302481435977505 ], [ 59.647656044544021, 36.302648476844894 ], [ 59.647329672385546, 36.302988047363698 ], [ 59.647154100466508, 36.303073617784229 ], [ 59.646239728264767, 36.304031176790708 ], [ 59.644288411915838, 36.306083159917023 ], [ 59.652040835849405, 36.310915845863647 ], [ 59.652144033852863, 36.311003681428929 ], [ 59.652264908059465, 36.31095593415786 ], [ 59.652297754033071, 36.311002066663214 ], [ 59.65232337788219, 36.311051497680531 ], [ 59.652345200301717, 36.311120517186787 ], [ 59.652352299578091, 36.311179529768431 ], [ 59.652346891873769, 36.311253214003123 ], [ 59.652327653573181, 36.311320524291837 ], [ 59.65229108812629, 36.3113908599559 ], [ 59.652258831232551, 36.311433735097765 ], [ 59.652906757516924, 36.311816544662847 ] ] ] } },
{ "type": "Feature", "properties": { "fid": 4, "region": 12, "district": 1 }, "geometry": { "type": "Polygon", "coordinates": [ [ [ 59.445052892515541, 36.389129507722615 ], [ 59.449054157506595, 36.388398557856199 ], [ 59.450047758018897, 36.388609712697765 ], [ 59.461190044520428, 36.380468651077528 ], [ 59.462498928239029, 36.379721963062636 ], [ 59.465418195660668, 36.378056482295996 ], [ 59.467249156275422, 36.377033941107001 ], [ 59.468050746327044, 36.376649396370823 ], [ 59.468989427490733, 36.376257437369311 ], [ 59.470197357568445, 36.375834533937024 ], [ 59.472123211061543, 36.375302331057398 ], [ 59.473330727004971, 36.374976512273832 ], [ 59.47373612224731, 36.374854340376395 ], [ 59.474125416557925, 36.374712638222952 ], [ 59.474265606927794, 36.374655343083475 ], [ 59.474649432548972, 36.374479919188246 ], [ 59.475076393806646, 36.374261635068684 ], [ 59.475552178097345, 36.373952050785007 ], [ 59.475679587971221, 36.373682267670276 ], [ 59.476294904662083, 36.373200031690338 ], [ 59.476875959739814, 36.37274403864923 ], [ 59.477652952167304, 36.372175936216728 ], [ 59.477854352567796, 36.372159261216666 ], [ 59.478137234304306, 36.371963883019689 ], [ 59.478315120059314, 36.37185364521342 ], [ 59.47910468059856, 36.371444927403239 ], [ 59.479379851476814, 36.371329445910888 ], [ 59.480581904119205, 36.370951676078064 ], [ 59.481575419877402, 36.370660178155127 ], [ 59.482414235449525, 36.370372049004047 ], [ 59.482840831949112, 36.370208566888849 ], [ 59.483039819069596, 36.370127483404218 ], [ 59.483238587382722, 36.370046050840699 ], [ 59.483433585511115, 36.369958569433756 ], [ 59.483766178249972, 36.369809356245206 ], [ 59.484792465381716, 36.369291322420175 ], [ 59.485556598109056, 36.368849949900387 ], [ 59.487377286085945, 36.367684521832238 ], [ 59.490389354698578, 36.365756348637255 ], [ 59.491548827809346, 36.365014064360892 ], [ 59.49076292183296, 36.364544712863143 ], [ 59.490076315249709, 36.364199299237697 ], [ 59.488605207964596, 36.363245939568628 ], [ 59.487299594097585, 36.362489025211005 ], [ 59.486219816132213, 36.361959865378992 ], [ 59.483155442676377, 36.361037262372498 ], [ 59.481022091105764, 36.359915762767386 ], [ 59.480983514735087, 36.359402830681645 ], [ 59.480495831983028, 36.359485065129782 ], [ 59.480091061999424, 36.35916872530558 ], [ 59.479433301074273, 36.359135369031009 ], [ 59.478939517450719, 36.358833330082746 ], [ 59.477777568254197, 36.358174352692764 ], [ 59.477251505827134, 36.357891941159934 ], [ 59.476424025132971, 36.357486688759707 ], [ 59.474040113632057, 36.356307973386748 ], [ 59.472409562039111, 36.355552234285504 ], [ 59.470429754325046, 36.354577022634501 ], [ 59.470405664898252, 36.354576682775594 ], [ 59.470357413116908, 36.354545643704029 ], [ 59.467286847489717, 36.352272236887671 ], [ 59.466866048048466, 36.351427303944412 ], [ 59.466947490269952, 36.350902457379213 ], [ 59.466168325556822, 36.350258425646047 ], [ 59.466108287417597, 36.350269207419487 ], [ 59.465980935465289, 36.35027728187201 ], [ 59.465825053107629, 36.350260403585835 ], [ 59.465697094007503, 36.350222539739043 ], [ 59.465569708858162, 36.350157449412279 ], [ 59.465495858564566, 36.350101812366113 ], [ 59.465418792312683, 36.350020164600274 ], [ 59.465398266518207, 36.349991683923037 ], [ 59.465305549843414, 36.34952492730207 ], [ 59.464498077029511, 36.348297809925306 ], [ 59.4638524102959, 36.347608125414233 ], [ 59.462132772458403, 36.344103809613145 ], [ 59.461688761193102, 36.343200864634262 ], [ 59.46149122642133, 36.342787782383162 ], [ 59.461109056685117, 36.341976449366825 ], [ 59.460972920024773, 36.34149232455907 ], [ 59.461016695402975, 36.34120688335954 ], [ 59.461108863539778, 36.340792246801826 ], [ 59.461126435237205, 36.340709191953543 ], [ 59.461241377537043, 36.340184997951482 ], [ 59.451636273109457, 36.343181807759379 ], [ 59.450842513045636, 36.343464565730912 ], [ 59.449300494665906, 36.344013857805834 ], [ 59.447314180951636, 36.344622393249132 ], [ 59.447053441338248, 36.344712151190897 ], [ 59.446820091308929, 36.344815182331367 ], [ 59.446613323513382, 36.344927370027477 ], [ 59.446453808995329, 36.345029808117829 ], [ 59.446262234692995, 36.345175220310779 ], [ 59.446045482517995, 36.345378433331391 ], [ 59.445805428476675, 36.345643343688693 ], [ 59.445573981884387, 36.345898754323379 ], [ 59.445404508573858, 36.34608577520126 ], [ 59.445235433441276, 36.346250791569069 ], [ 59.445077700419951, 36.34637449172979 ], [ 59.444939056343877, 36.346465281248463 ], [ 59.444779256100361, 36.346553161681783 ], [ 59.444620972148961, 36.346625272438828 ], [ 59.44435644408702, 36.346717611382168 ], [ 59.442936070430555, 36.347127500052821 ], [ 59.442080948407337, 36.347929116396188 ], [ 59.43963239248616, 36.351223824566944 ], [ 59.434017981004409, 36.356268480881297 ], [ 59.420155785808753, 36.362003079865197 ], [ 59.42301943523448, 36.365946770739285 ], [ 59.423583105648945, 36.368954679142753 ], [ 59.425871398125309, 36.371657164708104 ], [ 59.427696732794232, 36.376955736662339 ], [ 59.432796376552922, 36.381800038087043 ], [ 59.43741151079022, 36.383959135604862 ], [ 59.438240686507285, 36.385167962365678 ], [ 59.445052892515541, 36.389129507722615 ] ] ] } },
{ "type": "Feature", "properties": { "fid": 5, "region": 12, "district": 3 }, "geometry": { "type": "Polygon", "coordinates": [ [ [ 59.499392091494684, 36.497174618625415 ], [ 59.501195198477419, 36.49752738380095 ], [ 59.50303097727317, 36.497827747013652 ], [ 59.504919705864125, 36.498006664787518 ], [ 59.506800067095462, 36.498196214565048 ], [ 59.507919804294573, 36.498223062699168 ], [ 59.509779251716125, 36.498085233331707 ], [ 59.512580271563401, 36.497687855128895 ], [ 59.514420642452244, 36.49732108502733 ], [ 59.516151859677606, 36.49674175345659 ], [ 59.517733620509318, 36.4961342233808 ], [ 59.518620032458323, 36.495710225818797 ], [ 59.520101051352285, 36.494902153872232 ], [ 59.52152568494288, 36.493978713220351 ], [ 59.522261523926026, 36.49344507490099 ], [ 59.522921048927884, 36.492898917800296 ], [ 59.523563364668654, 36.492362542274293 ], [ 59.524174836233627, 36.491772347666902 ], [ 59.524726205825779, 36.491145726423021 ], [ 59.525272888809788, 36.490531577207719 ], [ 59.526136396389717, 36.489545460632861 ], [ 59.526575666911526, 36.489283971915192 ], [ 59.528121332607839, 36.488642715069538 ], [ 59.528956255806946, 36.488256019893655 ], [ 59.529776491975099, 36.487831646913769 ], [ 59.530543300631969, 36.487419255215556 ], [ 59.532019908535766, 36.486453584982407 ], [ 59.532709678446253, 36.485929154744952 ], [ 59.533312976110338, 36.485380638331229 ], [ 59.534040740087015, 36.484731827911197 ], [ 59.536133331635142, 36.48233530322738 ], [ 59.537654210881648, 36.480131744635408 ], [ 59.538759310272553, 36.479058092086753 ], [ 59.54105105102412, 36.47676623959746 ], [ 59.541463098546998, 36.475984797134402 ], [ 59.541507748932439, 36.475216297085076 ], [ 59.541245429923706, 36.47456796475786 ], [ 59.540671459396592, 36.473999267146155 ], [ 59.539946307718679, 36.473525072412698 ], [ 59.537728178392932, 36.472053576619849 ], [ 59.535557556633215, 36.47060286801721 ], [ 59.533842733106482, 36.469974284882355 ], [ 59.532802316474324, 36.469777461902716 ], [ 59.531997201445314, 36.469732596809415 ], [ 59.531032670370159, 36.469753898606442 ], [ 59.528085645978436, 36.469816403152983 ], [ 59.527296379545916, 36.469893576364427 ], [ 59.526332029001935, 36.46991400714424 ], [ 59.525390811856084, 36.469832602121855 ], [ 59.524465219913139, 36.469651774762198 ], [ 59.523564106105539, 36.469378768073462 ], [ 59.522752007939253, 36.468995191687213 ], [ 59.520479425754814, 36.467440212890274 ], [ 59.517821621042955, 36.465449162770227 ], [ 59.514111302018691, 36.462617965661956 ], [ 59.510459623550346, 36.459059467066766 ], [ 59.508235584555258, 36.455288738909999 ], [ 59.507686998799777, 36.454295811875255 ], [ 59.507252823074637, 36.453938529683299 ], [ 59.502626838110878, 36.451468394670677 ], [ 59.50250530848119, 36.451483324028231 ], [ 59.495480409734832, 36.445390338694736 ], [ 59.494189334458, 36.444267818014858 ], [ 59.492903701095578, 36.443152424060557 ], [ 59.492245399871429, 36.442597413141442 ], [ 59.491482587030177, 36.442179016006577 ], [ 59.490637921321706, 36.441803511781529 ], [ 59.488806370459905, 36.441324824025159 ], [ 59.488036903361021, 36.440927341752548 ], [ 59.48755051619127, 36.440279597710934 ], [ 59.486764214858049, 36.438989614171007 ], [ 59.48594277829789, 36.437144463046309 ], [ 59.479322672692703, 36.431535850743408 ], [ 59.476112457363151, 36.43192501420824 ], [ 59.472707866035279, 36.430926384432325 ], [ 59.472242545167418, 36.430374486657207 ], [ 59.472646855796668, 36.429904570687775 ], [ 59.473512933868051, 36.429221981280783 ], [ 59.472945897173062, 36.428732802005364 ], [ 59.47140237421722, 36.427885365716577 ], [ 59.46988820316701, 36.427092960705757 ], [ 59.461464387202298, 36.422123264939124 ], [ 59.454677695879433, 36.428770099062163 ], [ 59.446248426512255, 36.435978234297636 ], [ 59.45013261386147, 36.438945913152601 ], [ 59.454895567476711, 36.442640110900065 ], [ 59.455136089953889, 36.442864003388458 ], [ 59.455412868892175, 36.443356372887138 ], [ 59.455572529669261, 36.444012688090844 ], [ 59.455540041173862, 36.444652453824951 ], [ 59.448283156869174, 36.449702505412311 ], [ 59.443069880546147, 36.453340974131024 ], [ 59.444939911319096, 36.454929580150917 ], [ 59.452622906015073, 36.461474447217604 ], [ 59.455853634527074, 36.464234126781726 ], [ 59.459202990943567, 36.467056259074646 ], [ 59.460388375364879, 36.468240112178123 ], [ 59.461614919471053, 36.469360377893807 ], [ 59.46214831728544, 36.469880632313455 ], [ 59.46227277133702, 36.4699607021291 ], [ 59.467297221321161, 36.47317965767018 ], [ 59.471737499141511, 36.476020192375891 ], [ 59.473229059687533, 36.476980140279323 ], [ 59.475387886474309, 36.478595074785481 ], [ 59.479384360010442, 36.481685005746812 ], [ 59.482700562067578, 36.484336191278814 ], [ 59.485379530126316, 36.486480139137974 ], [ 59.486698111230652, 36.487542019048888 ], [ 59.48733272103307, 36.488114627238311 ], [ 59.487884616793579, 36.488746509942011 ], [ 59.48836788806446, 36.489422313178466 ], [ 59.489201224299748, 36.490802782922174 ], [ 59.489710977180209, 36.491568241613095 ], [ 59.490238699508666, 36.492178716235721 ], [ 59.490864496601858, 36.492751292591535 ], [ 59.492194114464077, 36.49370759805975 ], [ 59.493665727449333, 36.494664868744444 ], [ 59.495204266372888, 36.495531697290211 ], [ 59.496014936505233, 36.495904302929191 ], [ 59.497663170193299, 36.496602459115444 ], [ 59.498520813457418, 36.49690658002482 ], [ 59.499392091494684, 36.497174618625415 ] ] ] } },
{ "type": "Feature", "properties": { "fid": 6, "region": 9, "district": 1 }, "geometry": { "type": "Polygon", "coordinates": [ [ [ 59.527674596250939, 36.318916420866685 ], [ 59.539489918298145, 36.315085067980505 ], [ 59.539644513717505, 36.315008068598331 ], [ 59.539754945177947, 36.314931669046615 ], [ 59.539903424297769, 36.314783460326758 ], [ 59.539980711596421, 36.314666948953274 ], [ 59.540034456193858, 36.314542068591777 ], [ 59.540053996463769, 36.314470271731736 ], [ 59.540819235669581, 36.31415363918655 ], [ 59.540826816611911, 36.31416562000036 ], [ 59.540833712064526, 36.314178714053334 ], [ 59.54084234825978, 36.314189170889833 ], [ 59.540849246514014, 36.314195354767101 ], [ 59.540858582360038, 36.314201841904492 ], [ 59.540875122131489, 36.314209727828171 ], [ 59.541261886769263, 36.314351158806026 ], [ 59.562455687550958, 36.300442388230771 ], [ 59.56253062574342, 36.300350653331641 ], [ 59.562733404213773, 36.299742448411514 ], [ 59.556853871218273, 36.287448781155923 ], [ 59.557614424562971, 36.287216199389341 ], [ 59.557537332228669, 36.286559914070118 ], [ 59.557560360606701, 36.285901486787495 ], [ 59.556720834704251, 36.284396288412637 ], [ 59.555608158266828, 36.279976773376475 ], [ 59.55520134288129, 36.278083768320769 ], [ 59.555226631217288, 36.276469932645888 ], [ 59.554400195596664, 36.276511370433425 ], [ 59.554089059527335, 36.276563265275129 ], [ 59.553767195227927, 36.276623810132634 ], [ 59.553402415007291, 36.276736252054611 ], [ 59.553026904992933, 36.276874639271554 ], [ 59.552683583139938, 36.276926533958346 ], [ 59.552224876114856, 36.276927863041223 ], [ 59.551662596489919, 36.276745065187299 ], [ 59.551330003080537, 36.276572079557567 ], [ 59.550997409807778, 36.276485587256509 ], [ 59.550621900860392, 36.276347199249535 ], [ 59.550302124045473, 36.27619034770197 ], [ 59.550002999468752, 36.276045285939489 ], [ 59.545923571466098, 36.275090400086789 ], [ 59.538574212448125, 36.272678891138113 ], [ 59.536191092730029, 36.271954378138098 ], [ 59.533255681896925, 36.271313183206047 ], [ 59.531351975010502, 36.270738433333065 ], [ 59.528005974011577, 36.269489919004165 ], [ 59.526487300089919, 36.270979207228187 ], [ 59.525059239238146, 36.271910673001763 ], [ 59.522778439929724, 36.272977292861135 ], [ 59.51445996601646, 36.27493714083483 ], [ 59.498602344829706, 36.281344423175568 ], [ 59.493518163860386, 36.284463274986273 ], [ 59.494460467568587, 36.285327100269491 ], [ 59.496226098013871, 36.28694517175537 ], [ 59.497213592515813, 36.287399645306373 ], [ 59.498019232942099, 36.287791839129994 ], [ 59.502493315525626, 36.289802774590427 ], [ 59.50318543921145, 36.29015658389433 ], [ 59.504111643465762, 36.29066010772776 ], [ 59.504223662105836, 36.290766335189545 ], [ 59.504531710614451, 36.291501580132561 ], [ 59.504796738530835, 36.293117518612142 ], [ 59.504697461124046, 36.293437280952617 ], [ 59.504677869174422, 36.293684174661259 ], [ 59.504821726067114, 36.294411340358614 ], [ 59.504905577713821, 36.294607059794743 ], [ 59.5056154415607, 36.295476865116207 ], [ 59.506483056208609, 36.296121545941581 ], [ 59.506750947121198, 36.29625082589186 ], [ 59.507169811864685, 36.296483953066726 ], [ 59.507664894513461, 36.296801964220144 ], [ 59.508281659920335, 36.297357665686341 ], [ 59.508196782717349, 36.297791790295996 ], [ 59.509766775275999, 36.300596032644187 ], [ 59.510416950126277, 36.301284251318513 ], [ 59.511135726418672, 36.302619765996965 ], [ 59.511468757804856, 36.303028854776187 ], [ 59.512318478557077, 36.304528091072505 ], [ 59.51215493558945, 36.304781956078934 ], [ 59.512337468407644, 36.305126724238541 ], [ 59.512657414828844, 36.305137145869381 ], [ 59.513007811316378, 36.305028313201454 ], [ 59.513986391001538, 36.306638736808829 ], [ 59.513986600507245, 36.306639157807837 ], [ 59.514418622476867, 36.307507829599004 ], [ 59.51593170736605, 36.310255495834603 ], [ 59.519109661947624, 36.313015339360746 ], [ 59.519432423720879, 36.313097935236677 ], [ 59.519593195797512, 36.313114437819316 ], [ 59.519729975618773, 36.313105653244605 ], [ 59.519826689073504, 36.313085731919472 ], [ 59.519941883563554, 36.313046939856925 ], [ 59.522700968775112, 36.312207623739901 ], [ 59.52594987053461, 36.315329071343356 ], [ 59.527674596250939, 36.318916420866685 ] ] ] } },
{ "type": "Feature", "properties": { "fid": 7, "region": 5, "district": 2 }, "geometry": { "type": "Polygon", "coordinates": [ [ [ 59.67196754930437, 36.282581363007338 ], [ 59.672062967326831, 36.283001543482996 ], [ 59.670864399984019, 36.283743699987426 ], [ 59.667666199943163, 36.285251600583649 ], [ 59.666971300070387, 36.285680199920307 ], [ 59.661624499651374, 36.287336000238838 ], [ 59.660026200029812, 36.287843800049238 ], [ 59.658191411193329, 36.288640876839565 ], [ 59.658281338969502, 36.288686912434862 ], [ 59.658358841016238, 36.28875578198523 ], [ 59.658845675861066, 36.289572640180381 ], [ 59.659243819089276, 36.290381727385807 ], [ 59.660271065436319, 36.294064795719464 ], [ 59.660576864526568, 36.29504419339429 ], [ 59.660561040913556, 36.295233808756784 ], [ 59.660826802446898, 36.2961742101038 ], [ 59.66138091473151, 36.296098780913773 ], [ 59.661555341107068, 36.296644661929228 ], [ 59.661831635958592, 36.296584432392478 ], [ 59.661964724685497, 36.296871019327455 ], [ 59.662192032671769, 36.297360494781401 ], [ 59.662550462747781, 36.297276887995906 ], [ 59.662636847080186, 36.297165848767975 ], [ 59.662830644675928, 36.297218263860827 ], [ 59.663232369605517, 36.297351250607271 ], [ 59.663555537191563, 36.297496404889102 ], [ 59.663660539957363, 36.297439284793086 ], [ 59.664533241194341, 36.297935422340856 ], [ 59.664856412859912, 36.298195985870336 ], [ 59.666881886288429, 36.299313165258638 ], [ 59.668232994841638, 36.300037717774892 ], [ 59.672903131494415, 36.302591964296248 ], [ 59.673671997673125, 36.302935260601764 ], [ 59.677293329012009, 36.304314191940819 ], [ 59.677600855718509, 36.304190137197274 ], [ 59.67858725717165, 36.304558090910277 ], [ 59.678969670164328, 36.304724024778174 ], [ 59.679345334159386, 36.30490906296437 ], [ 59.679468670531598, 36.304968556170301 ], [ 59.679801052897858, 36.30513067412204 ], [ 59.680263034873356, 36.305394249421617 ], [ 59.681794239710108, 36.306011859179982 ], [ 59.684726173806347, 36.306964940879922 ], [ 59.686696328495771, 36.30752416893948 ], [ 59.686809308286236, 36.307365884021003 ], [ 59.688113064484035, 36.307718456700506 ], [ 59.68828389717001, 36.307761308141487 ], [ 59.688655818342092, 36.307850121804051 ], [ 59.688843096689581, 36.307891924567222 ], [ 59.689671186042972, 36.307995993040883 ], [ 59.690059920130864, 36.308087126578407 ], [ 59.690113986069264, 36.308029602713461 ], [ 59.690334786829752, 36.308188756872305 ], [ 59.707668381592001, 36.314606790134626 ], [ 59.689688838257034, 36.292725081597439 ], [ 59.686426148340161, 36.285865924174971 ], [ 59.683174364072507, 36.279028306863836 ], [ 59.700556629495011, 36.282644152831196 ], [ 59.701798143518879, 36.282902430963233 ], [ 59.701564538752606, 36.282501137423125 ], [ 59.699630339795476, 36.280026451800495 ], [ 59.694650025458806, 36.272874318194454 ], [ 59.694096715077613, 36.272079619734136 ], [ 59.691938158025941, 36.270258295142909 ], [ 59.69174039149474, 36.270138583018245 ], [ 59.691678854500395, 36.270134775050785 ], [ 59.691604878002792, 36.270137000804986 ], [ 59.691530190123252, 36.270146901380578 ], [ 59.691452625820183, 36.270165862091687 ], [ 59.691344385459701, 36.270209513020205 ], [ 59.691281183787545, 36.270246713290973 ], [ 59.691204550468669, 36.270308637233754 ], [ 59.691151209253434, 36.270369258867156 ], [ 59.691095065728433, 36.270468554152771 ], [ 59.690359597550319, 36.270920563778404 ], [ 59.681678454839172, 36.276287083965194 ], [ 59.67196754930437, 36.282581363007338 ] ] ] } },
{ "type": "Feature", "properties": { "fid": 8, "region": 1, "district": 2 }, "geometry": { "type": "Polygon", "coordinates": [ [ [ 59.57780000018662, 36.322500002351134 ], [ 59.578000000040689, 36.322500002363199 ], [ 59.578199999874272, 36.322500002040172 ], [ 59.578400000365022, 36.322600001916946 ], [ 59.57849999985018, 36.322600001919461 ], [ 59.578600000443174, 36.322600001814166 ], [ 59.585400000401755, 36.316400002224654 ], [ 59.587400000149522, 36.314600001760823 ], [ 59.589500000343719, 36.312600002431829 ], [ 59.591599999452946, 36.311000001618865 ], [ 59.594500000072991, 36.308300001899134 ], [ 59.59889999968609, 36.304200001941389 ], [ 59.598899999831922, 36.304100001629187 ], [ 59.598900000015554, 36.304000002216114 ], [ 59.598900000177153, 36.303900001900914 ], [ 59.598999999784141, 36.303800001963687 ], [ 59.598999999833651, 36.303700001650647 ], [ 59.5991000001804, 36.303600001617951 ], [ 59.599200000304087, 36.303500002410942 ], [ 59.599300000144922, 36.303400002228408 ], [ 59.599399999732782, 36.303300001970939 ], [ 59.599499999617954, 36.303300001933273 ], [ 59.599800000385059, 36.303300002194142 ], [ 59.599900000249555, 36.303300001821448 ], [ 59.604699999737534, 36.298900002058176 ], [ 59.604599999986355, 36.29880000159897 ], [ 59.604900000120971, 36.298600002406744 ], [ 59.604100000523978, 36.298000001680649 ], [ 59.603499999716263, 36.297500001818712 ], [ 59.603700000531184, 36.297100002005386 ], [ 59.599400000102825, 36.295600002205177 ], [ 59.599400000287432, 36.29550000178952 ], [ 59.599299999591068, 36.29540000206088 ], [ 59.599200000265562, 36.295300002212471 ], [ 59.599099999464265, 36.295300001827698 ], [ 59.599000000519723, 36.29520000179479 ], [ 59.598899999865793, 36.295200002137982 ], [ 59.598800000426841, 36.295300001899591 ], [ 59.598400000347269, 36.294800001644532 ], [ 59.597699999858285, 36.295000002233621 ], [ 59.590099999744773, 36.292300001792569 ], [ 59.5865999995126, 36.291100002414538 ], [ 59.586500000075048, 36.290900002393364 ], [ 59.58620000040456, 36.290600002346089 ], [ 59.586099999734714, 36.290600001760524 ], [ 59.586000000201956, 36.290600001967775 ], [ 59.585899999551572, 36.290600002115347 ], [ 59.58580000000854, 36.290600002155109 ], [ 59.585700000460356, 36.290600002111134 ], [ 59.585599999794553, 36.29060000200748 ], [ 59.58549999967434, 36.29070000171469 ], [ 59.585300000136279, 36.291000001681155 ], [ 59.577900000227629, 36.288500002142172 ], [ 59.577799999827612, 36.288500001751487 ], [ 59.577700000564583, 36.288500002153718 ], [ 59.57760000015432, 36.288500001595573 ], [ 59.57749999976857, 36.28850000185431 ], [ 59.577400000490172, 36.288500002005328 ], [ 59.577300000180422, 36.288400001964398 ], [ 59.577300000274491, 36.288300001830699 ], [ 59.567792692637212, 36.285014616357962 ], [ 59.56719999950397, 36.286200002347528 ], [ 59.567399999984268, 36.28660000177387 ], [ 59.56729999952281, 36.287500002312875 ], [ 59.567400000465938, 36.289900002155747 ], [ 59.567499999909195, 36.291300002398266 ], [ 59.567599999799086, 36.292400002206151 ], [ 59.568000000461247, 36.293900001779051 ], [ 59.56850000028949, 36.295200001661485 ], [ 59.569600000441405, 36.29820000230616 ], [ 59.568899999464406, 36.298500001716953 ], [ 59.572199999522873, 36.305200002089727 ], [ 59.573099999444345, 36.307000001603093 ], [ 59.573500000098413, 36.307200002220135 ], [ 59.573700000464513, 36.307600001891991 ], [ 59.573600000170018, 36.308000001868926 ], [ 59.574499999991801, 36.310100002199412 ], [ 59.574899999880955, 36.311700002398602 ], [ 59.57780000018662, 36.322500002351134 ] ] ] } },
{ "type": "Feature", "properties": { "fid": 9, "region": 8, "district": 1 }, "geometry": { "type": "Polygon", "coordinates": [ [ [ 59.606218049857617, 36.299234457675325 ], [ 59.606575314260837, 36.298929245755716 ], [ 59.606758129482756, 36.299069461149053 ], [ 59.607406237590979, 36.298515769103481 ], [ 59.607223423766669, 36.298375555561776 ], [ 59.607580681459531, 36.298070340888287 ], [ 59.606464748989211, 36.297219570004714 ], [ 59.60939471908754, 36.294477874373996 ], [ 59.609870187643502, 36.294033761138593 ], [ 59.609859164405222, 36.29387409174393 ], [ 59.606322489659043, 36.291196122223049 ], [ 59.606064908029751, 36.290878442416627 ], [ 59.606074601497475, 36.290848902807873 ], [ 59.606439458476075, 36.290550616354061 ], [ 59.606439493959009, 36.29055057862805 ], [ 59.61162773260191, 36.284221097756898 ], [ 59.611549035690949, 36.284124454051152 ], [ 59.611515154856747, 36.284059690262083 ], [ 59.611468790323407, 36.283929803208885 ], [ 59.611469114138494, 36.283836138984157 ], [ 59.611477952165615, 36.283731605055308 ], [ 59.61150836360558, 36.283640955984147 ], [ 59.611545237027414, 36.283562026384722 ], [ 59.61156328855084, 36.283523463156186 ], [ 59.61199167890819, 36.283305565738779 ], [ 59.603858472542818, 36.273821750279573 ], [ 59.603492323389233, 36.274058681573891 ], [ 59.603388504406823, 36.27404809909936 ], [ 59.603195525617672, 36.274178413976792 ], [ 59.603164361515141, 36.274145624048998 ], [ 59.593595149897432, 36.283774705430893 ], [ 59.586524817808737, 36.290902026615043 ], [ 59.586609534963216, 36.291107485668768 ], [ 59.590066770699224, 36.292326093782457 ], [ 59.597746992073937, 36.295032713342941 ], [ 59.598371556546525, 36.294786685646557 ], [ 59.598816773097624, 36.295255720907313 ], [ 59.598881885099438, 36.295244266367504 ], [ 59.598926584120072, 36.295241043667069 ], [ 59.59896658732692, 36.295241252380883 ], [ 59.599024470537358, 36.295246744758494 ], [ 59.599074036484204, 36.295258595330395 ], [ 59.599140018907967, 36.29528000455575 ], [ 59.599167825556421, 36.29529219501822 ], [ 59.599200946193221, 36.295309648658325 ], [ 59.599226035153592, 36.295325226615113 ], [ 59.599243976226212, 36.295337782179558 ], [ 59.59928745004877, 36.295374923237191 ], [ 59.599315603687735, 36.295405814678809 ], [ 59.59933958713971, 36.295438932842572 ], [ 59.599361883037268, 36.295479907131416 ], [ 59.599374036230664, 36.295510350816166 ], [ 59.599385252659566, 36.295554196033954 ], [ 59.599388106463948, 36.295573252590664 ], [ 59.60371766818848, 36.297117191747731 ], [ 59.603474422687619, 36.297531367203554 ], [ 59.604071241227565, 36.297986402854143 ], [ 59.604310265025383, 36.297779950732028 ], [ 59.605089286151404, 36.298373892205881 ], [ 59.606218049857617, 36.299234457675325 ] ] ] } },
{ "type": "Feature", "properties": { "fid": 10, "region": 8, "district": 3 }, "geometry": { "type": "Polygon", "coordinates": [ [ [ 59.592392378281232, 36.283531824978851 ], [ 59.593595149897432, 36.283774705430893 ], [ 59.603164361515141, 36.274145624048998 ], [ 59.603195525617672, 36.274178413976792 ], [ 59.603388504406823, 36.27404809909936 ], [ 59.603492323389233, 36.274058681573891 ], [ 59.603858472542818, 36.273821750279573 ], [ 59.603910808003505, 36.273725677291019 ], [ 59.603925334086917, 36.273670432804188 ], [ 59.60393253792806, 36.273609208387391 ], [ 59.60392826509981, 36.273540111758685 ], [ 59.60391573854357, 36.273487245703826 ], [ 59.603888459467676, 36.273421644340914 ], [ 59.603586997344919, 36.27317855879177 ], [ 59.603498253440129, 36.273158695651794 ], [ 59.603445772121866, 36.27315262420445 ], [ 59.603377239205564, 36.273154279293998 ], [ 59.603304038611356, 36.273156047733231 ], [ 59.599368704303345, 36.268553125375632 ], [ 59.599980209987017, 36.26793639077529 ], [ 59.599950662460984, 36.26769383306177 ], [ 59.598810672527009, 36.26696039324429 ], [ 59.598497211283785, 36.266987667364894 ], [ 59.598196481747131, 36.267281987980546 ], [ 59.593246930399424, 36.261414992411318 ], [ 59.593401824739615, 36.261307593125615 ], [ 59.593542004770406, 36.261187965355639 ], [ 59.593703806929042, 36.261011471847688 ], [ 59.593804651446909, 36.260868193438881 ], [ 59.593908614860396, 36.260665208074414 ], [ 59.593965396338284, 36.260506877268 ], [ 59.594000563207288, 36.260344431614861 ], [ 59.594014936664919, 36.260124923208714 ], [ 59.594001184079872, 36.259960384692739 ], [ 59.59396654321953, 36.259797862276876 ], [ 59.593911383629091, 36.259639103606048 ], [ 59.595489042751545, 36.258618688440762 ], [ 59.598668465769798, 36.256789781372952 ], [ 59.597349109502538, 36.255268820836299 ], [ 59.595689764013059, 36.255846524949789 ], [ 59.595104854962067, 36.255151241705093 ], [ 59.595138337283331, 36.25513263621648 ], [ 59.594850383107165, 36.254801058395103 ], [ 59.594294172183467, 36.254154735149989 ], [ 59.593745732216846, 36.253523315220605 ], [ 59.59343656343659, 36.253222533660676 ], [ 59.592770751802043, 36.252667513015886 ], [ 59.5922664076136, 36.252146410875824 ], [ 59.591911808848486, 36.251775724804219 ], [ 59.591635165399921, 36.251484312017709 ], [ 59.591331017442243, 36.251152828228605 ], [ 59.591129697100804, 36.25092817660596 ], [ 59.590722283874165, 36.250454745746403 ], [ 59.590343521905631, 36.250030246591287 ], [ 59.590248720776074, 36.249917450036655 ], [ 59.590170776152952, 36.249822468745741 ], [ 59.590120651250416, 36.249751798667347 ], [ 59.590097205856829, 36.249715393016331 ], [ 59.590050620745338, 36.249616591245221 ], [ 59.589991984268522, 36.249569453109068 ], [ 59.589963698727651, 36.249538843858723 ], [ 59.58993003319388, 36.24949027243003 ], [ 59.589907293970242, 36.249398620247547 ], [ 59.588246548407774, 36.247643822159944 ], [ 59.579698675741867, 36.245294707558507 ], [ 59.579190128202065, 36.245978663180452 ], [ 59.578320855497473, 36.247628730109064 ], [ 59.57794612196696, 36.249430359058223 ], [ 59.579049456611706, 36.249145191170818 ], [ 59.580182568447746, 36.249427174953901 ], [ 59.580949793011776, 36.249410614444706 ], [ 59.581303973568524, 36.249691375902898 ], [ 59.581731985475834, 36.250862809129913 ], [ 59.582648672514324, 36.251329700147338 ], [ 59.58378315283521, 36.251314198205556 ], [ 59.584883223763207, 36.250929905350532 ], [ 59.585675341540259, 36.250317931336134 ], [ 59.587309877530487, 36.250282565644866 ], [ 59.588770543498967, 36.250710596302575 ], [ 59.588108067746226, 36.251878575080738 ], [ 59.587124589467365, 36.253098562699172 ], [ 59.586498065170524, 36.253670913408705 ], [ 59.583348225536064, 36.255000813236776 ], [ 59.582230592010497, 36.254853717979366 ], [ 59.581571399278438, 36.255111300861962 ], [ 59.578357710888078, 36.255180660093785 ], [ 59.57750189339135, 36.255550615156537 ], [ 59.561716758145295, 36.259125535288156 ], [ 59.558104610526243, 36.259608468265377 ], [ 59.557172294964104, 36.25962679240692 ], [ 59.560626697487159, 36.264640759235164 ], [ 59.573180791195455, 36.26731747682647 ], [ 59.574728382081815, 36.268999551254424 ], [ 59.575713505684192, 36.269413873949539 ], [ 59.58164564706928, 36.266446391831906 ], [ 59.58773340612138, 36.276457190216625 ], [ 59.591863921209708, 36.283279030885566 ], [ 59.592005550511765, 36.28325613283463 ], [ 59.592138629815565, 36.283317048298208 ], [ 59.592232070133335, 36.28334763400553 ], [ 59.592343102995684, 36.283408952654732 ], [ 59.592392378281232, 36.283531824978851 ] ] ] } },
{ "type": "Feature", "properties": { "fid": 11, "region": 7, "district": 2 }, "geometry": { "type": "Polygon", "coordinates": [ [ [ 59.598668465769798, 36.256789781372952 ], [ 59.603104930664209, 36.254473082020297 ], [ 59.603101343076951, 36.254365008150288 ], [ 59.603603879058717, 36.254083680721465 ], [ 59.604098038415827, 36.253550177893985 ], [ 59.605375988771044, 36.252828351087174 ], [ 59.606081395625182, 36.252290236083439 ], [ 59.606594771051697, 36.251666177028284 ], [ 59.607494696197207, 36.25028562792987 ], [ 59.607658894789935, 36.250080197087414 ], [ 59.607945406092014, 36.249764271195232 ], [ 59.608257209542089, 36.249468031821536 ], [ 59.608555799055061, 36.249220655041825 ], [ 59.608922939847631, 36.248955746070806 ], [ 59.609346573893895, 36.248694444581524 ], [ 59.609706906172896, 36.24850382964862 ], [ 59.609901214623385, 36.248411753237789 ], [ 59.61029780629071, 36.248244965041081 ], [ 59.610651760794369, 36.248118202996849 ], [ 59.611007265292656, 36.248010228258003 ], [ 59.611323587062223, 36.247929465198816 ], [ 59.611785996765384, 36.247835948173538 ], [ 59.612063785246377, 36.247793217850422 ], [ 59.612406462817198, 36.247753968237873 ], [ 59.613635814059499, 36.247639949923212 ], [ 59.614059244981881, 36.247600674038551 ], [ 59.614292360375195, 36.2475791336349 ], [ 59.614526029542013, 36.247542833145587 ], [ 59.614714320028604, 36.247502419913829 ], [ 59.615065639753091, 36.247398410144797 ], [ 59.615328580767958, 36.247293518161236 ], [ 59.615954826746034, 36.247387968014131 ], [ 59.61817432526631, 36.246212791337243 ], [ 59.618487118150462, 36.246002569564553 ], [ 59.618791862893346, 36.245775756937853 ], [ 59.619051797147542, 36.245562665634409 ], [ 59.619403363305373, 36.245240532899466 ], [ 59.619645159344799, 36.244991860805413 ], [ 59.619887869529826, 36.244714870082319 ], [ 59.6201172799204, 36.244421757312502 ], [ 59.620583012471904, 36.243708556573552 ], [ 59.621451938968157, 36.24207623145125 ], [ 59.623541456223549, 36.237686268360235 ], [ 59.624891405463813, 36.234674745336186 ], [ 59.630779281116652, 36.235553445448005 ], [ 59.631038233250479, 36.235313416151712 ], [ 59.630911117626447, 36.23517201007305 ], [ 59.629570165573909, 36.234994217183761 ], [ 59.637332965262573, 36.227640119107619 ], [ 59.637369157779951, 36.225737641199203 ], [ 59.638041966002504, 36.225236113897857 ], [ 59.640302302713522, 36.225303391431957 ], [ 59.64260891406699, 36.223440885771232 ], [ 59.647610766282547, 36.223663712333796 ], [ 59.651947224747119, 36.220323054607192 ], [ 59.652073001117046, 36.213484526818213 ], [ 59.639152466895403, 36.20830376977581 ], [ 59.627765355499015, 36.214647117773382 ], [ 59.627144149793665, 36.214363345701692 ], [ 59.62695980287382, 36.214347462702335 ], [ 59.626838578785723, 36.214327086229574 ], [ 59.626682937170372, 36.214288637073679 ], [ 59.626513969364844, 36.214229704225673 ], [ 59.626366867414362, 36.214161586428759 ], [ 59.626250338043256, 36.214094340946993 ], [ 59.626156530476592, 36.214029839172518 ], [ 59.626065199130835, 36.21395603407268 ], [ 59.626008896470033, 36.213903847380671 ], [ 59.625924581294782, 36.213813316378278 ], [ 59.624882754042098, 36.202939774425957 ], [ 59.613715487087283, 36.203892035073991 ], [ 59.613338330086528, 36.198582821218807 ], [ 59.613090095048875, 36.196126964824415 ], [ 59.612604405324696, 36.196106340312411 ], [ 59.611234171105053, 36.195999149170333 ], [ 59.610537250525923, 36.196575265171653 ], [ 59.605818192023975, 36.201472973038413 ], [ 59.599624845566872, 36.210503416812415 ], [ 59.594755934807353, 36.218378157339451 ], [ 59.593192945551664, 36.221233067101537 ], [ 59.591098517314265, 36.234944268121382 ], [ 59.590751660549302, 36.237238277756532 ], [ 59.589725924789008, 36.237397470566094 ], [ 59.588785253094805, 36.237543454018827 ], [ 59.587754497560461, 36.237703409265947 ], [ 59.587054531197424, 36.237812025093532 ], [ 59.58648982867274, 36.237898712684078 ], [ 59.583635295211188, 36.238717506212552 ], [ 59.581607564856554, 36.239644561850177 ], [ 59.580674224617248, 36.24103465799017 ], [ 59.580477339819645, 36.241814008881903 ], [ 59.579792409231892, 36.243315903126856 ], [ 59.579850757784342, 36.245090167269218 ], [ 59.579698675741867, 36.245294707558507 ], [ 59.588246548407774, 36.247643822159944 ], [ 59.589907293970242, 36.249398620247547 ], [ 59.58993003319388, 36.24949027243003 ], [ 59.589963698727651, 36.249538843858723 ], [ 59.589991984268522, 36.249569453109068 ], [ 59.590050620745338, 36.249616591245221 ], [ 59.590097205856829, 36.249715393016331 ], [ 59.590170776152952, 36.249822468745741 ], [ 59.590248720776074, 36.249917450036655 ], [ 59.590343521905631, 36.250030246591287 ], [ 59.590722283874165, 36.250454745746403 ], [ 59.591129697100804, 36.25092817660596 ], [ 59.591331017442243, 36.251152828228605 ], [ 59.591635165399921, 36.251484312017709 ], [ 59.591911808848486, 36.251775724804219 ], [ 59.5922664076136, 36.252146410875824 ], [ 59.592770751802043, 36.252667513015886 ], [ 59.59343656343659, 36.253222533660676 ], [ 59.593745732216846, 36.253523315220605 ], [ 59.594294172183467, 36.254154735149989 ], [ 59.595138337283331, 36.25513263621648 ], [ 59.595138360447102, 36.255132663653136 ], [ 59.595104854962067, 36.255151241705093 ], [ 59.595689764013059, 36.255846524949789 ], [ 59.597349109502538, 36.255268820836299 ], [ 59.598668465769798, 36.256789781372952 ] ] ] } },
{ "type": "Feature", "properties": { "fid": 12, "region": 9, "district": 2 }, "geometry": { "type": "Polygon", "coordinates": [ [ [ 59.501961889854385, 36.327469157777685 ], [ 59.509100764921662, 36.325238062756618 ], [ 59.536470718494819, 36.316679143796378 ], [ 59.537277011849625, 36.316472752696988 ], [ 59.539568476022126, 36.31570303815392 ], [ 59.539719251608396, 36.315994284718315 ], [ 59.540361706470811, 36.316239229100937 ], [ 59.541230772003523, 36.316136358609725 ], [ 59.541368494484743, 36.315870335389995 ], [ 59.541450366895269, 36.315739432164136 ], [ 59.541536839891442, 36.31561611532176 ], [ 59.541598932548332, 36.315470588638 ], [ 59.541619667660484, 36.315312293736127 ], [ 59.54162435102625, 36.315241852807411 ], [ 59.541625862320799, 36.315118191190493 ], [ 59.541615935911928, 36.314965510153108 ], [ 59.541261886769263, 36.314351158806026 ], [ 59.540875122131489, 36.314209727828171 ], [ 59.540858582360038, 36.314201841904492 ], [ 59.540849246514014, 36.314195354767101 ], [ 59.54084234825978, 36.314189170889833 ], [ 59.540833712064526, 36.314178714053334 ], [ 59.540826816611911, 36.31416562000036 ], [ 59.540819235669581, 36.31415363918655 ], [ 59.540053996463769, 36.314470271731736 ], [ 59.540034456193858, 36.314542068591777 ], [ 59.539980711596421, 36.314666948953274 ], [ 59.539903424297769, 36.314783460326758 ], [ 59.539754945177947, 36.314931669046615 ], [ 59.539644513717505, 36.315008068598331 ], [ 59.53949012573802, 36.315085488975235 ], [ 59.539489918298145, 36.315085067980505 ], [ 59.527674596250939, 36.318916420866685 ], [ 59.52594987053461, 36.315329071343356 ], [ 59.522700968775112, 36.312207623739901 ], [ 59.519941883563554, 36.313046939856925 ], [ 59.519826689073504, 36.313085731919472 ], [ 59.519729975618773, 36.313105653244605 ], [ 59.519593195797512, 36.313114437819316 ], [ 59.519432423720879, 36.313097935236677 ], [ 59.519109661947624, 36.313015339360746 ], [ 59.51593170736605, 36.310255495834603 ], [ 59.514418622476867, 36.307507829599004 ], [ 59.513986600507245, 36.306639157807837 ], [ 59.513007811316378, 36.305028313201454 ], [ 59.512657414828844, 36.305137145869381 ], [ 59.512337468407644, 36.305126724238541 ], [ 59.51215493558945, 36.304781956078934 ], [ 59.512318478557077, 36.304528091072505 ], [ 59.511468757804856, 36.303028854776187 ], [ 59.511135726418672, 36.302619765996965 ], [ 59.510416950126277, 36.301284251318513 ], [ 59.509766980232719, 36.300596451944628 ], [ 59.508196782717349, 36.297791790295996 ], [ 59.508281659920335, 36.297357665686341 ], [ 59.507664894513461, 36.296801964220144 ], [ 59.507169811864685, 36.296483953066726 ], [ 59.506750947121198, 36.29625082589186 ], [ 59.506483056208609, 36.296121545941581 ], [ 59.5056154415607, 36.295476865116207 ], [ 59.504905577713821, 36.294607059794743 ], [ 59.504821726067114, 36.294411340358614 ], [ 59.504677869174422, 36.293684174661259 ], [ 59.504697461124046, 36.293437280952617 ], [ 59.504796738530835, 36.293117518612142 ], [ 59.504531710614451, 36.291501580132561 ], [ 59.504223662105836, 36.290766335189545 ], [ 59.504111643465762, 36.29066010772776 ], [ 59.50318543921145, 36.29015658389433 ], [ 59.502493315525626, 36.289802774590427 ], [ 59.498019232942099, 36.287791839129994 ], [ 59.497213592515813, 36.287399645306373 ], [ 59.496226098013871, 36.28694517175537 ], [ 59.494460467568587, 36.285327100269491 ], [ 59.493518163860386, 36.284463274986273 ], [ 59.492913682769171, 36.284834059183758 ], [ 59.481047261655796, 36.290479765195435 ], [ 59.472080093505035, 36.292792664005972 ], [ 59.47202037778569, 36.292840921814168 ], [ 59.48604153747565, 36.308904773054088 ], [ 59.486145305351656, 36.309309383192399 ], [ 59.486176418749409, 36.310076588831507 ], [ 59.486260002216497, 36.310404935966453 ], [ 59.486483852216182, 36.310335119434413 ], [ 59.486894739773888, 36.311070254792853 ], [ 59.487137520566932, 36.311336274333755 ], [ 59.487361970097929, 36.311455403041876 ], [ 59.488053462828695, 36.31226684522025 ], [ 59.488364626974956, 36.312251099399582 ], [ 59.489901915526943, 36.313682284076776 ], [ 59.49003935094818, 36.313745627586847 ], [ 59.490259234879318, 36.313756627781416 ], [ 59.490397702315015, 36.31461905257472 ], [ 59.491701027372947, 36.316133053371281 ], [ 59.492745159434264, 36.317286694914614 ], [ 59.492893049897077, 36.317320460887274 ], [ 59.493164683439858, 36.317607673646727 ], [ 59.493135810436875, 36.317730202674319 ], [ 59.493202149890017, 36.31780245626517 ], [ 59.493658138767969, 36.318309870858386 ], [ 59.493895933736702, 36.318572654783139 ], [ 59.493927070942242, 36.318554203396381 ], [ 59.495033138234433, 36.319785944741277 ], [ 59.49608758052522, 36.321005523686111 ], [ 59.496360222490317, 36.321256117901733 ], [ 59.497378900472448, 36.322376816054771 ], [ 59.497836217132736, 36.322935315707021 ], [ 59.499147595648147, 36.324374257588779 ], [ 59.500531149286381, 36.32590375487829 ], [ 59.501922218687618, 36.327425756257433 ], [ 59.501961889854385, 36.327469157777685 ] ] ] } },
{ "type": "Feature", "properties": { "fid": 13, "region": 3, "district": 2 }, "geometry": { "type": "Polygon", "coordinates": [ [ [ 59.657717330479919, 36.345033612406411 ], [ 59.662643879668003, 36.34237704320897 ], [ 59.672470683555233, 36.337525119993572 ], [ 59.688504108703867, 36.329956709264152 ], [ 59.686597983414167, 36.329272395559897 ], [ 59.68563119076979, 36.329235838633224 ], [ 59.679874751995669, 36.32783757796183 ], [ 59.679641965731676, 36.327776480599482 ], [ 59.679262956556627, 36.327656758855561 ], [ 59.678932599074464, 36.327530401095274 ], [ 59.678619623106464, 36.327389888718166 ], [ 59.678075117234521, 36.32708980610434 ], [ 59.655724433649695, 36.313183699076632 ], [ 59.654144156527273, 36.312518433111194 ], [ 59.654125597462276, 36.31251104688036 ], [ 59.654051003987796, 36.31248938774327 ], [ 59.653983460385469, 36.312479572161806 ], [ 59.653926871396422, 36.312477905673283 ], [ 59.653858869963628, 36.312483681108127 ], [ 59.653785228893639, 36.31250930938333 ], [ 59.652653848209624, 36.312903025002896 ], [ 59.652615937672394, 36.312828939060076 ], [ 59.652232528636851, 36.312957442604116 ], [ 59.652058237319544, 36.312981029741728 ], [ 59.651912038704765, 36.312970678050199 ], [ 59.651756675746988, 36.312927548123504 ], [ 59.651646445031616, 36.312871544854538 ], [ 59.6515181100646, 36.312762973763455 ], [ 59.651432732384599, 36.31262712879748 ], [ 59.651399788049048, 36.312476583157334 ], [ 59.651422915452038, 36.312323546575143 ], [ 59.65145297239593, 36.312254995906919 ], [ 59.651498029613116, 36.312186027576821 ], [ 59.651525974479263, 36.312152983714448 ], [ 59.652258831232551, 36.311433735097765 ], [ 59.65229108812629, 36.3113908599559 ], [ 59.652327653573181, 36.311320524291837 ], [ 59.652346891873769, 36.311253214003123 ], [ 59.652352299578091, 36.311179529768431 ], [ 59.652345200301717, 36.311120517186787 ], [ 59.65232337788219, 36.311051497680531 ], [ 59.652297754033071, 36.311002066663214 ], [ 59.652264908059465, 36.31095593415786 ], [ 59.652144033852863, 36.311003681428929 ], [ 59.652040835849405, 36.310915845863647 ], [ 59.644288411915838, 36.306083159917023 ], [ 59.637553441831791, 36.301907256137149 ], [ 59.634011728766197, 36.30557699718188 ], [ 59.634067647168621, 36.306841497374116 ], [ 59.636946196519581, 36.311582245102585 ], [ 59.63757012618089, 36.313585869913148 ], [ 59.639399215239223, 36.318184320409408 ], [ 59.639680737847137, 36.319307865095311 ], [ 59.640169814404445, 36.321517066277778 ], [ 59.641343001794745, 36.323716072854872 ], [ 59.642176148005632, 36.326107839979272 ], [ 59.645916221688999, 36.330193608345105 ], [ 59.650152835927344, 36.335907634182966 ], [ 59.652510528114867, 36.337986912838119 ], [ 59.653988646197703, 36.339100081748064 ], [ 59.655731782407706, 36.340820389096201 ], [ 59.656549121329874, 36.342542126321341 ], [ 59.657717330479919, 36.345033612406411 ] ] ] } },
{ "type": "Feature", "properties": { "fid": 14, "region": 2, "district": 4 }, "geometry": { "type": "Polygon", "coordinates": [ [ [ 59.553162841121065, 36.346642473376157 ], [ 59.55361023239378, 36.346695995964097 ], [ 59.563459242220574, 36.348404697589821 ], [ 59.564245782186191, 36.348656315239182 ], [ 59.564290092002395, 36.34867501690573 ], [ 59.56433087988863, 36.348702914144354 ], [ 59.564356970484042, 36.348729326231144 ], [ 59.564384288806863, 36.348773527372522 ], [ 59.564393646842802, 36.348801347838261 ], [ 59.564397263305402, 36.348856485647168 ], [ 59.564380827018695, 36.348912556071419 ], [ 59.564361828512261, 36.348943137690242 ], [ 59.564844121866606, 36.349186107597461 ], [ 59.564891721926777, 36.349151338064715 ], [ 59.564939606868599, 36.349124298903966 ], [ 59.564988776693518, 36.349102938072562 ], [ 59.565046714572155, 36.349084627156124 ], [ 59.565107395128081, 36.349072348989445 ], [ 59.565154865384088, 36.349067233051933 ], [ 59.565207450910115, 36.349065961091505 ], [ 59.565266107362213, 36.349069950099661 ], [ 59.565313658544, 36.349077481696433 ], [ 59.565375869645877, 36.349093569557944 ], [ 59.566129504454324, 36.34931170790415 ], [ 59.566633765738501, 36.349400010805631 ], [ 59.566956934043873, 36.34940207821861 ], [ 59.567301777544309, 36.349385651568014 ], [ 59.567503364650783, 36.349417369334155 ], [ 59.56782890155052, 36.349491484172979 ], [ 59.568152956845324, 36.349520565564696 ], [ 59.569468905990384, 36.349897829658737 ], [ 59.571021932658809, 36.350369114641779 ], [ 59.571816572374949, 36.350478182234845 ], [ 59.57353500654709, 36.350558325039387 ], [ 59.574903551670381, 36.350501785859933 ], [ 59.576324793651992, 36.350353968191321 ], [ 59.577599807604798, 36.350164224860698 ], [ 59.578857439455454, 36.349785578027301 ], [ 59.581327067178442, 36.348659711980055 ], [ 59.581935653799263, 36.348195921708523 ], [ 59.585801010676938, 36.346156538589767 ], [ 59.586177443189804, 36.346085298561675 ], [ 59.588203324519313, 36.345022979192912 ], [ 59.589653744492544, 36.344414724855291 ], [ 59.590639471494612, 36.344240131415631 ], [ 59.591000789715004, 36.344385507179588 ], [ 59.591415767458344, 36.344133162289737 ], [ 59.591427581428654, 36.343817461976272 ], [ 59.59141340637845, 36.343727515894912 ], [ 59.591381603089587, 36.343602335195861 ], [ 59.591334159185593, 36.343475220869315 ], [ 59.591307879751078, 36.343418796831536 ], [ 59.591245368169616, 36.343306756817711 ], [ 59.591158605094762, 36.343183054228675 ], [ 59.591081635584167, 36.34309274819919 ], [ 59.59102011615483, 36.343029876727059 ], [ 59.59089797145252, 36.342923369832675 ], [ 59.590734925534541, 36.342809581016049 ], [ 59.590544764838327, 36.342707233180306 ], [ 59.590408518510479, 36.342649899202179 ], [ 59.590341743544329, 36.342657205794595 ], [ 59.590264929149313, 36.342659814591769 ], [ 59.590165263410462, 36.342654045984808 ], [ 59.590062672494597, 36.342636989284813 ], [ 59.589932032660649, 36.342597279096104 ], [ 59.589810740583694, 36.342538497138499 ], [ 59.589745887617681, 36.342495711689445 ], [ 59.589688885629059, 36.34244920316786 ], [ 59.58924129914157, 36.342053337118649 ], [ 59.585619036423154, 36.338634896682898 ], [ 59.577946248484658, 36.330941688055063 ], [ 59.570250110414797, 36.323882741035561 ], [ 59.567071881568559, 36.324064852710464 ], [ 59.564492097665251, 36.324192367572138 ], [ 59.563593729994913, 36.323968307121774 ], [ 59.563103715070177, 36.323969809735708 ], [ 59.562457964995104, 36.324317136415694 ], [ 59.56215892998501, 36.324368613723138 ], [ 59.549142328138309, 36.325160829938731 ], [ 59.548919137467614, 36.325147567174945 ], [ 59.548118639206521, 36.325191685199002 ], [ 59.547887545498369, 36.325277728696754 ], [ 59.546071267846592, 36.325595852082877 ], [ 59.545028241473432, 36.325717219993123 ], [ 59.544659617290627, 36.325653208159508 ], [ 59.544944183910047, 36.325872227243764 ], [ 59.544557257827215, 36.325961585254831 ], [ 59.544619942259047, 36.326176555727116 ], [ 59.544942724438592, 36.32616968003844 ], [ 59.544990762865226, 36.326276808987508 ], [ 59.544675599094319, 36.32651785566982 ], [ 59.544450352081739, 36.32678402726107 ], [ 59.544304779740926, 36.327102575344519 ], [ 59.544267876419696, 36.327337692738226 ], [ 59.544453127377409, 36.328442680686116 ], [ 59.544976783174889, 36.330639292106937 ], [ 59.547172075173364, 36.338974810769606 ], [ 59.547996341241358, 36.341606536182461 ], [ 59.548907783565703, 36.34255889090808 ], [ 59.549973009790961, 36.343632773134281 ], [ 59.551255484767182, 36.344931629197426 ], [ 59.551395690890921, 36.345066958796217 ], [ 59.551536124664182, 36.345187542114715 ], [ 59.551652214105275, 36.345274825993798 ], [ 59.551808277503142, 36.345377576792025 ], [ 59.551931498954161, 36.345448555359383 ], [ 59.55215139427753, 36.34555620463513 ], [ 59.552383045743809, 36.345646786267885 ], [ 59.55254907003593, 36.345698992432617 ], [ 59.552716236140917, 36.345741739420554 ], [ 59.552878241914925, 36.345774321057661 ], [ 59.552732350854718, 36.346499125596111 ], [ 59.553162841121065, 36.346642473376157 ] ] ] } },
{ "type": "Feature", "properties": { "fid": 15, "region": 7, "district": 1 }, "geometry": { "type": "Polygon", "coordinates": [ [ [ 59.61199167890819, 36.283305565738779 ], [ 59.612115479473999, 36.283275252951718 ], [ 59.6122051105216, 36.283264628023836 ], [ 59.612269772052969, 36.283262291657998 ], [ 59.612347330207108, 36.28326557483993 ], [ 59.612424050481636, 36.283275343792049 ], [ 59.612499111126077, 36.283291491204132 ], [ 59.612559764101967, 36.283309782226262 ], [ 59.612609590589457, 36.283327014789691 ], [ 59.613019945836072, 36.282854067801729 ], [ 59.613207545979158, 36.282804903077555 ], [ 59.615356203517884, 36.28014422012086 ], [ 59.616801588760332, 36.278427207815625 ], [ 59.617480364116673, 36.277420946218186 ], [ 59.61717673776397, 36.277328456344961 ], [ 59.616754371406799, 36.277346716971152 ], [ 59.616013637618551, 36.276164247309801 ], [ 59.61639204936553, 36.276020964265747 ], [ 59.616549795781168, 36.276060318244106 ], [ 59.616627013080183, 36.276067405086764 ], [ 59.616705241619684, 36.276051544168816 ], [ 59.616821640890706, 36.276009117998548 ], [ 59.616941950628011, 36.275946772773104 ], [ 59.617736720315918, 36.27539672361366 ], [ 59.618187078537069, 36.275012537174028 ], [ 59.618695326932254, 36.27440679714816 ], [ 59.618724041579682, 36.273926697695096 ], [ 59.619263885069358, 36.273743090406718 ], [ 59.62063405039072, 36.273177919676925 ], [ 59.621030180552161, 36.273054924181857 ], [ 59.621297510017357, 36.272986791650887 ], [ 59.621759852806491, 36.272858017229844 ], [ 59.622200942082337, 36.272692129897294 ], [ 59.622890395952808, 36.272354346257593 ], [ 59.624035117503041, 36.271760890098363 ], [ 59.625350450005691, 36.270912399606466 ], [ 59.627205098844961, 36.269768778335347 ], [ 59.628329835867369, 36.269040928802163 ], [ 59.628556836231141, 36.2687782959865 ], [ 59.628736272609892, 36.268611469900826 ], [ 59.629050448648115, 36.268358576678715 ], [ 59.629242525635384, 36.268154173781909 ], [ 59.629680499321935, 36.267731567944473 ], [ 59.629956795547002, 36.26745570429776 ], [ 59.630168459126331, 36.267276700189917 ], [ 59.630442539534094, 36.267068222365005 ], [ 59.630600375463217, 36.26696604816923 ], [ 59.630872489677351, 36.266766765928679 ], [ 59.631044030823503, 36.266658605200185 ], [ 59.629626225270954, 36.265083615909482 ], [ 59.631079344483915, 36.264242343782023 ], [ 59.629072747486596, 36.261961455794271 ], [ 59.626699190550895, 36.259263224921547 ], [ 59.624646041100682, 36.257401270571208 ], [ 59.634212137636666, 36.255681422403931 ], [ 59.639026731908132, 36.257389442235151 ], [ 59.639137981548174, 36.257329269872493 ], [ 59.639674417489928, 36.25743168104502 ], [ 59.639707523928834, 36.257670337851913 ], [ 59.641787995150473, 36.258421897116499 ], [ 59.643218598941722, 36.257418732181904 ], [ 59.644920425514563, 36.25506029578051 ], [ 59.645119846800732, 36.254704389790881 ], [ 59.651967424254693, 36.24527438178184 ], [ 59.647027148895802, 36.240882934700586 ], [ 59.647180651448458, 36.240879535932919 ], [ 59.6590454746717, 36.235252081825429 ], [ 59.655908171947424, 36.23030328902027 ], [ 59.656149387807993, 36.229407347090202 ], [ 59.658952301709526, 36.227352179113211 ], [ 59.659839269378381, 36.227769107597069 ], [ 59.666365405563795, 36.222706224803545 ], [ 59.663084492445456, 36.220157297769717 ], [ 59.665460399867584, 36.218328230824348 ], [ 59.664545297943647, 36.217582550337269 ], [ 59.662179633036985, 36.219403714043565 ], [ 59.657856120472246, 36.215802699004549 ], [ 59.652073001117046, 36.213484526818213 ], [ 59.651947224747119, 36.220323054607192 ], [ 59.647610766282547, 36.223663712333796 ], [ 59.64260891406699, 36.223440885771232 ], [ 59.640302302713522, 36.225303391431957 ], [ 59.638041966002504, 36.225236113897857 ], [ 59.637369157779951, 36.225737641199203 ], [ 59.637332965262573, 36.227640119107619 ], [ 59.629570165573909, 36.234994217183761 ], [ 59.630911117626447, 36.23517201007305 ], [ 59.631038233250479, 36.235313416151712 ], [ 59.630779281116652, 36.235553445448005 ], [ 59.624891405463813, 36.234674745336186 ], [ 59.623541456223549, 36.237686268360235 ], [ 59.621451938968157, 36.24207623145125 ], [ 59.620583012471904, 36.243708556573552 ], [ 59.6201172799204, 36.244421757312502 ], [ 59.619887869529826, 36.244714870082319 ], [ 59.619645159344799, 36.244991860805413 ], [ 59.619403363305373, 36.245240532899466 ], [ 59.619051797147542, 36.245562665634409 ], [ 59.618791862893346, 36.245775756937853 ], [ 59.618487118150462, 36.246002569564553 ], [ 59.61817432526631, 36.246212791337243 ], [ 59.615954826746034, 36.247387968014131 ], [ 59.615328580767958, 36.247293518161236 ], [ 59.615065639753091, 36.247398410144797 ], [ 59.614714320028604, 36.247502419913829 ], [ 59.614526029542013, 36.247542833145587 ], [ 59.614292360375195, 36.2475791336349 ], [ 59.614059244981881, 36.247600674038551 ], [ 59.613635814059499, 36.247639949923212 ], [ 59.612406462817198, 36.247753968237873 ], [ 59.612063785246377, 36.247793217850422 ], [ 59.611785996765384, 36.247835948173538 ], [ 59.611323587062223, 36.247929465198816 ], [ 59.611007265292656, 36.248010228258003 ], [ 59.610651760794369, 36.248118202996849 ], [ 59.61029780629071, 36.248244965041081 ], [ 59.609901214623385, 36.248411753237789 ], [ 59.609706906172896, 36.24850382964862 ], [ 59.609346573893895, 36.248694444581524 ], [ 59.608922939847631, 36.248955746070806 ], [ 59.608555799055061, 36.249220655041825 ], [ 59.608257209542089, 36.249468031821536 ], [ 59.607945406092014, 36.249764271195232 ], [ 59.607658894789935, 36.250080197087414 ], [ 59.607494696197207, 36.25028562792987 ], [ 59.606594771051697, 36.251666177028284 ], [ 59.606081395625182, 36.252290236083439 ], [ 59.605375988771044, 36.252828351087174 ], [ 59.604098038415827, 36.253550177893985 ], [ 59.603603879058717, 36.254083680721465 ], [ 59.603101343076951, 36.254365008150288 ], [ 59.603104930664209, 36.254473082020297 ], [ 59.598668465769798, 36.256789781372952 ], [ 59.595489042751545, 36.258618688440762 ], [ 59.593911383629091, 36.259639103606048 ], [ 59.59396654321953, 36.259797862276876 ], [ 59.594001184079872, 36.259960384692739 ], [ 59.594014936664919, 36.260124923208714 ], [ 59.594000563207288, 36.260344431614861 ], [ 59.593965396338284, 36.260506877268 ], [ 59.593908614860396, 36.260665208074414 ], [ 59.593804651446909, 36.260868193438881 ], [ 59.593703806929042, 36.261011471847688 ], [ 59.593542004770406, 36.261187965355639 ], [ 59.593401824739615, 36.261307593125615 ], [ 59.593247153390884, 36.261414870407663 ], [ 59.598196481747131, 36.267281987980546 ], [ 59.598497211283785, 36.266987667364894 ], [ 59.598810672527009, 36.26696039324429 ], [ 59.599950662460984, 36.26769383306177 ], [ 59.599980209987017, 36.26793639077529 ], [ 59.599368704303345, 36.268553125375632 ], [ 59.603304038611356, 36.273156047733231 ], [ 59.603377239205564, 36.273154279293998 ], [ 59.603445772121866, 36.27315262420445 ], [ 59.603498253440129, 36.273158695651794 ], [ 59.603586997344919, 36.27317855879177 ], [ 59.603888459467676, 36.273421644340914 ], [ 59.60391573854357, 36.273487245703826 ], [ 59.60392826509981, 36.273540111758685 ], [ 59.60393253792806, 36.273609208387391 ], [ 59.603925334086917, 36.273670432804188 ], [ 59.603910808003505, 36.273725677291019 ], [ 59.603858472542818, 36.273821750279573 ], [ 59.61199167890819, 36.283305565738779 ] ] ] } },
{ "type": "Feature", "properties": { "fid": 16, "region": 6, "district": 3 }, "geometry": { "type": "Polygon", "coordinates": [ [ [ 59.671967549304334, 36.282581363007395 ], [ 59.681678454839073, 36.276287083965244 ], [ 59.690359597550255, 36.270920563778311 ], [ 59.691095065728447, 36.2704685541527 ], [ 59.691151209253491, 36.27036925886712 ], [ 59.691204550468541, 36.270308637233761 ], [ 59.691281183787403, 36.270246713290852 ], [ 59.691344385459566, 36.270209513020099 ], [ 59.691452625820105, 36.27016586209168 ], [ 59.691530190123125, 36.270146901380478 ], [ 59.691604878002686, 36.270137000804858 ], [ 59.691678854500324, 36.270134775050778 ], [ 59.69174039149479, 36.270138583018216 ], [ 59.692181386637856, 36.269955590438897 ], [ 59.692187113964565, 36.269963753850099 ], [ 59.692337096126479, 36.269929418096666 ], [ 59.699400540270211, 36.266673386434505 ], [ 59.694716771017163, 36.26322527895384 ], [ 59.690655075133193, 36.256922516076358 ], [ 59.684565990578491, 36.259390091881187 ], [ 59.66036520704202, 36.269146741177138 ], [ 59.660035570267247, 36.269259885243883 ], [ 59.671967549304334, 36.282581363007395 ] ] ] } },
{ "type": "Feature", "properties": { "fid": 17, "region": 8, "district": 2 }, "geometry": { "type": "Polygon", "coordinates": [ [ [ 59.557560360606701, 36.285901486787495 ], [ 59.558069685803702, 36.285475997267156 ], [ 59.559572083552851, 36.283758433210622 ], [ 59.559763550541192, 36.283826435455083 ], [ 59.559968142022413, 36.283614757688248 ], [ 59.56129994313762, 36.284172052698253 ], [ 59.561550569396161, 36.284346936686873 ], [ 59.562063465698188, 36.284371992830167 ], [ 59.562390349436242, 36.283815203867732 ], [ 59.563337163029125, 36.284173435844536 ], [ 59.56366867648044, 36.283568442074696 ], [ 59.577265778881703, 36.288276399158661 ], [ 59.577292908921322, 36.288333295580848 ], [ 59.577343771218381, 36.288398163841244 ], [ 59.577408945501304, 36.288451217702075 ], [ 59.57749046399735, 36.288493420030775 ], [ 59.57759669769559, 36.288520857145478 ], [ 59.57763815878284, 36.28852757768172 ], [ 59.577718895196078, 36.288527982945809 ], [ 59.577775009343057, 36.288520977267908 ], [ 59.57788143314837, 36.288489517082731 ], [ 59.585258270513314, 36.291042771378535 ], [ 59.585460801997279, 36.290708747695028 ], [ 59.585487307504586, 36.290693104902871 ], [ 59.585534502047103, 36.290668073815297 ], [ 59.585588043002261, 36.290643602071157 ], [ 59.585619791465362, 36.290630874082794 ], [ 59.585651954564739, 36.29061924027291 ], [ 59.585703178828531, 36.290603168906898 ], [ 59.58577478119399, 36.290585422706847 ], [ 59.585830468841351, 36.290575191390332 ], [ 59.585878089507176, 36.290568802803342 ], [ 59.585928242820579, 36.290566963094093 ], [ 59.585989793176665, 36.290574806949294 ], [ 59.586043705457584, 36.290584444674728 ], [ 59.58609398010271, 36.290595853693247 ], [ 59.586152789053642, 36.290612312581956 ], [ 59.586226643883101, 36.290638099340079 ], [ 59.586524817808737, 36.290902026615043 ], [ 59.593595149897432, 36.283774705430893 ], [ 59.592392378281232, 36.283531824978851 ], [ 59.592343102995684, 36.283408952654732 ], [ 59.592232070133335, 36.28334763400553 ], [ 59.592138629815565, 36.283317048298208 ], [ 59.592005550511765, 36.28325613283463 ], [ 59.591863921209708, 36.283279030885566 ], [ 59.58773340612138, 36.276457190216625 ], [ 59.58164564706928, 36.266446391831906 ], [ 59.575713505684192, 36.269413873949539 ], [ 59.574728382081815, 36.268999551254424 ], [ 59.573180791195455, 36.26731747682647 ], [ 59.560626697487159, 36.264640759235164 ], [ 59.557172294964104, 36.25962679240692 ], [ 59.552933105653935, 36.259710014658211 ], [ 59.551794100063439, 36.259932617626745 ], [ 59.542732941994473, 36.262946734319904 ], [ 59.539263552805551, 36.263723488774602 ], [ 59.536340706876793, 36.265227603902076 ], [ 59.531724794271149, 36.267037909327513 ], [ 59.529173729940794, 36.268344706224994 ], [ 59.528005974011577, 36.269489919004165 ], [ 59.531351975010502, 36.270738433333065 ], [ 59.533255681896925, 36.271313183206047 ], [ 59.536191092730029, 36.271954378138098 ], [ 59.538574212448125, 36.272678891138113 ], [ 59.545923571466098, 36.275090400086789 ], [ 59.550002999468752, 36.276045285939489 ], [ 59.550302124045473, 36.27619034770197 ], [ 59.550621900860392, 36.276347199249535 ], [ 59.550997409807778, 36.276485587256509 ], [ 59.551330003080537, 36.276572079557567 ], [ 59.551662596489919, 36.276745065187299 ], [ 59.552224876114856, 36.276927863041223 ], [ 59.552683583139938, 36.276926533958346 ], [ 59.553026904992933, 36.276874639271554 ], [ 59.553402415007291, 36.276736252054611 ], [ 59.553767195227927, 36.276623810132634 ], [ 59.554089059527335, 36.276563265275129 ], [ 59.554400195596664, 36.276511370433425 ], [ 59.555226631217288, 36.276469932645888 ], [ 59.55520134288129, 36.278083768320769 ], [ 59.555608158266828, 36.279976773376475 ], [ 59.556720834704251, 36.284396288412637 ], [ 59.557560360606701, 36.285901486787495 ] ] ] } },
{ "type": "Feature", "properties": { "fid": 18, "region": 2, "district": 3 }, "geometry": { "type": "Polygon", "coordinates": [ [ [ 59.516817387916333, 36.399787231760406 ], [ 59.520081249164505, 36.396942440307519 ], [ 59.521327394691959, 36.397556028413298 ], [ 59.521928997190308, 36.397543317919585 ], [ 59.523029389554814, 36.398475413029757 ], [ 59.522306316399259, 36.400248178942689 ], [ 59.523727877103376, 36.400767905971975 ], [ 59.524749206261326, 36.399944173025474 ], [ 59.526392601804694, 36.399395674447732 ], [ 59.526635244468196, 36.398281971788265 ], [ 59.529598843110072, 36.394785352078806 ], [ 59.534253844452238, 36.388801304219427 ], [ 59.537634511679094, 36.383754462278866 ], [ 59.540429737710973, 36.385389401206204 ], [ 59.541534221485222, 36.384050034128329 ], [ 59.546167425495327, 36.385303209228312 ], [ 59.549035119728991, 36.383006859331438 ], [ 59.550935181987107, 36.383507034312892 ], [ 59.553307449230381, 36.383789786718673 ], [ 59.555343338929902, 36.381628243183144 ], [ 59.557088866981317, 36.380473292605949 ], [ 59.557055528088569, 36.379455572971352 ], [ 59.557232037975638, 36.378379282147854 ], [ 59.549415529542422, 36.374860262180711 ], [ 59.554651732706546, 36.369349723734736 ], [ 59.557235016748479, 36.370303844140352 ], [ 59.558096955563428, 36.369059653365724 ], [ 59.559255140242399, 36.369034832006164 ], [ 59.559192567517471, 36.367125482204898 ], [ 59.560528902539524, 36.367096831216458 ], [ 59.562251561138297, 36.366275770168578 ], [ 59.561041647895443, 36.364382024039401 ], [ 59.567103022915227, 36.362966448924261 ], [ 59.564330695248216, 36.360021388645194 ], [ 59.564313942763356, 36.359850507174862 ], [ 59.562972958487165, 36.358446074138328 ], [ 59.566610913042673, 36.356191854098178 ], [ 59.562032289684083, 36.351436554412707 ], [ 59.564361828512261, 36.348943137690242 ], [ 59.564380827018695, 36.348912556071419 ], [ 59.564397263305402, 36.348856485647168 ], [ 59.564393646842802, 36.348801347838261 ], [ 59.564384288806863, 36.348773527372522 ], [ 59.564356970484042, 36.348729326231144 ], [ 59.56433087988863, 36.348702914144354 ], [ 59.564290092002395, 36.34867501690573 ], [ 59.564245782186191, 36.348656315239182 ], [ 59.563459242220574, 36.348404697589821 ], [ 59.55361023239378, 36.346695995964097 ], [ 59.553162841121065, 36.346642473376157 ], [ 59.552732350854718, 36.346499125596111 ], [ 59.552089638343531, 36.346530220671987 ], [ 59.550582863053968, 36.34678772960303 ], [ 59.550263230074449, 36.346893695901457 ], [ 59.548640460491306, 36.347694422197236 ], [ 59.551469346277237, 36.358242003223758 ], [ 59.551341134102017, 36.358339790947326 ], [ 59.551254608379445, 36.358428763891212 ], [ 59.551194080765491, 36.358509277158845 ], [ 59.551139536969458, 36.358605358216558 ], [ 59.551099513369429, 36.358707416311518 ], [ 59.551072710200174, 36.35883263134501 ], [ 59.551067981838635, 36.358939724237217 ], [ 59.551072712038362, 36.359001247693243 ], [ 59.551088175886008, 36.359085590974296 ], [ 59.551112798427418, 36.359165475559372 ], [ 59.551159164484716, 36.359266766765998 ], [ 59.55122890500764, 36.359373277113136 ], [ 59.551313093532542, 36.359467776589675 ], [ 59.551381952828521, 36.35952880222208 ], [ 59.551446071944497, 36.359576382974126 ], [ 59.550869644516887, 36.361715702343488 ], [ 59.550644526393796, 36.362227267088862 ], [ 59.549818979414134, 36.363137922266361 ], [ 59.547347563479143, 36.36546583903872 ], [ 59.54719904791029, 36.365678547046642 ], [ 59.546991575544048, 36.365809151137185 ], [ 59.546643517251766, 36.367096383336197 ], [ 59.546457748796243, 36.367550980842942 ], [ 59.542731910501686, 36.37359681289292 ], [ 59.542420977961562, 36.375000407111692 ], [ 59.541754801529727, 36.376105131584971 ], [ 59.540952021090398, 36.376780149215826 ], [ 59.531578782142574, 36.381936285229784 ], [ 59.528304680420185, 36.383745131081319 ], [ 59.525840949501855, 36.385455630768249 ], [ 59.525265517987521, 36.385971950876822 ], [ 59.513595617897593, 36.39640386360589 ], [ 59.51335142001934, 36.396646922815783 ], [ 59.513240132882238, 36.396748162190342 ], [ 59.516817387916333, 36.399787231760406 ] ] ] } },
{ "type": "Feature", "properties": { "fid": 19, "region": 6, "district": 1 }, "geometry": { "type": "Polygon", "coordinates": [ [ [ 59.623687670991906, 36.281628936785317 ], [ 59.623833180091424, 36.281652780031088 ], [ 59.62395463252718, 36.28162307623947 ], [ 59.624084794790079, 36.28152107796393 ], [ 59.624156589704214, 36.281615875654872 ], [ 59.624190780180605, 36.281596365004773 ], [ 59.624213529883427, 36.281581514573226 ], [ 59.624234436721508, 36.281566347704583 ], [ 59.624251979457689, 36.281552339831897 ], [ 59.624284401449522, 36.28152273865939 ], [ 59.624299363553746, 36.281507093070033 ], [ 59.624316180760566, 36.28148761060676 ], [ 59.624329395290694, 36.281470572180091 ], [ 59.624350374331748, 36.281439353055056 ], [ 59.624367486681308, 36.281408345920298 ], [ 59.624382812272067, 36.281373314212189 ], [ 59.624392032548215, 36.281346001637402 ], [ 59.624400660023035, 36.281310563645825 ], [ 59.624406115463557, 36.281269822866207 ], [ 59.626873284970394, 36.280781912436836 ], [ 59.62957312024789, 36.280140054890474 ], [ 59.634457973797915, 36.27901384984763 ], [ 59.634839353529927, 36.278916677233447 ], [ 59.640081219454757, 36.276912743791755 ], [ 59.641580281999303, 36.276721444704734 ], [ 59.656609993525848, 36.270689610005242 ], [ 59.657854675393807, 36.270170136682097 ], [ 59.65475915166062, 36.266442000746181 ], [ 59.651883465456059, 36.263040598557929 ], [ 59.649627059966924, 36.261004641128082 ], [ 59.648534131573676, 36.260395170783561 ], [ 59.647707540380395, 36.259898845836226 ], [ 59.646597002172747, 36.25916227055388 ], [ 59.644138773240861, 36.258917086815536 ], [ 59.642507306548396, 36.258777782699866 ], [ 59.641488421399153, 36.258690773236218 ], [ 59.639229819904976, 36.258497861218878 ], [ 59.636617958996801, 36.258312311320935 ], [ 59.635724804117586, 36.258248847340617 ], [ 59.63424891215903, 36.258143962309781 ], [ 59.634248769308975, 36.25814395013635 ], [ 59.633246164143557, 36.258073296353274 ], [ 59.632470158950191, 36.258018602890026 ], [ 59.632074673065226, 36.257990727765048 ], [ 59.631569890306608, 36.257955145368555 ], [ 59.631241533092833, 36.257931999318316 ], [ 59.630500932218098, 36.257879787947935 ], [ 59.629540608370846, 36.257861347230616 ], [ 59.628652940355131, 36.257844292333779 ], [ 59.627789282756481, 36.257816614190432 ], [ 59.627089272856409, 36.25776982874946 ], [ 59.626544849822444, 36.257733437884205 ], [ 59.625982835433355, 36.257685638781858 ], [ 59.625465929985566, 36.257641671638446 ], [ 59.624646041100682, 36.257401270571208 ], [ 59.626699190550895, 36.259263224921547 ], [ 59.629072747486596, 36.261961455794271 ], [ 59.631079344483915, 36.264242343782023 ], [ 59.629626225270954, 36.265083615909482 ], [ 59.631044030823503, 36.266658605200185 ], [ 59.630872489677351, 36.266766765928679 ], [ 59.630600375463217, 36.26696604816923 ], [ 59.630442539534094, 36.267068222365005 ], [ 59.630168459126331, 36.267276700189917 ], [ 59.629956795547002, 36.26745570429776 ], [ 59.629680499321935, 36.267731567944473 ], [ 59.629242525635384, 36.268154173781909 ], [ 59.629050448648115, 36.268358576678715 ], [ 59.628736272609892, 36.268611469900826 ], [ 59.628556836231141, 36.2687782959865 ], [ 59.628329835867369, 36.269040928802163 ], [ 59.627205098844961, 36.269768778335347 ], [ 59.625350450005691, 36.270912399606466 ], [ 59.624035117503041, 36.271760890098363 ], [ 59.622890395952808, 36.272354346257593 ], [ 59.622200942082337, 36.272692129897294 ], [ 59.621759852806491, 36.272858017229844 ], [ 59.621297510017357, 36.272986791650887 ], [ 59.621030180552161, 36.273054924181857 ], [ 59.62063405039072, 36.273177919676925 ], [ 59.619263885069358, 36.273743090406718 ], [ 59.618724041579682, 36.273926697695096 ], [ 59.618695326932254, 36.27440679714816 ], [ 59.618187078537069, 36.275012537174028 ], [ 59.617736720315918, 36.27539672361366 ], [ 59.616941950628011, 36.275946772773104 ], [ 59.616821640890706, 36.276009117998548 ], [ 59.616705241619684, 36.276051544168816 ], [ 59.616627013080183, 36.276067405086764 ], [ 59.616549795781168, 36.276060318244106 ], [ 59.61639204936553, 36.276020964265747 ], [ 59.616013637618551, 36.276164247309801 ], [ 59.616754371406799, 36.277346716971152 ], [ 59.61717673776397, 36.277328456344961 ], [ 59.617480364116673, 36.277420946218186 ], [ 59.617582867158269, 36.277157335161235 ], [ 59.617772255910104, 36.277162198646053 ], [ 59.617845000162966, 36.277007389607846 ], [ 59.617986888185662, 36.276923168233672 ], [ 59.618220165602871, 36.276909045116419 ], [ 59.618388211117583, 36.276941414166373 ], [ 59.618568884466271, 36.277018568790879 ], [ 59.618660876829729, 36.277106680812665 ], [ 59.619024633574867, 36.277333039347909 ], [ 59.619577179858496, 36.27754624600437 ], [ 59.61995176289534, 36.277763350722999 ], [ 59.620203694796309, 36.277974131630209 ], [ 59.621005246509768, 36.279308456866445 ], [ 59.621340169808782, 36.279670630399188 ], [ 59.622049396738618, 36.280240895001668 ], [ 59.623053268482813, 36.280966916193968 ], [ 59.623079434155365, 36.281083505624181 ], [ 59.623519982686489, 36.281478564795073 ], [ 59.623687670991906, 36.281628936785317 ] ] ] } },
{ "type": "Feature", "properties": { "fid": 20, "region": 13, "district": 3 }, "geometry": { "type": "Polygon", "coordinates": [ [ [ 59.628605075470411, 36.296079518039583 ], [ 59.628753515586332, 36.295919814582945 ], [ 59.628728745557808, 36.295852497097187 ], [ 59.628702898719844, 36.295762688828525 ], [ 59.628685627934914, 36.295677218924212 ], [ 59.628675701600244, 36.295596943646778 ], [ 59.628671837308033, 36.295521603708686 ], [ 59.628671947698443, 36.295479989936617 ], [ 59.629053105660141, 36.294894795096845 ], [ 59.63097523884516, 36.292587856902784 ], [ 59.630834452238652, 36.292487401578335 ], [ 59.630812677682258, 36.291926959772965 ], [ 59.630188215730442, 36.287587601822494 ], [ 59.629945168013101, 36.286980094213654 ], [ 59.629543729950193, 36.28662842288152 ], [ 59.628236357564141, 36.285819005812648 ], [ 59.626913961626457, 36.284892743190106 ], [ 59.625412622148588, 36.283276421168949 ], [ 59.624156620042953, 36.281615917348198 ], [ 59.624156589704214, 36.281615875654872 ], [ 59.624084794790079, 36.28152107796393 ], [ 59.62395463252718, 36.28162307623947 ], [ 59.623833180091424, 36.281652780031088 ], [ 59.623687670991906, 36.281628936785317 ], [ 59.623519982686489, 36.281478564795073 ], [ 59.616250711461902, 36.288302416630415 ], [ 59.628605075470411, 36.296079518039583 ] ] ] } },
{ "type": "Feature", "properties": { "fid": 21, "region": 4, "district": 1 }, "geometry": { "type": "Polygon", "coordinates": [ [ [ 59.644288411915838, 36.306083159917023 ], [ 59.646239728264767, 36.304031176790708 ], [ 59.647154100466508, 36.303073617784229 ], [ 59.647329672385546, 36.302988047363698 ], [ 59.647656044544021, 36.302648476844894 ], [ 59.647720250016619, 36.302481435977505 ], [ 59.648052167101454, 36.30213315344718 ], [ 59.648215278688937, 36.302058474768685 ], [ 59.648561921544285, 36.301698149011997 ], [ 59.64863009957773, 36.301568167697084 ], [ 59.648733028913718, 36.301461883293371 ], [ 59.648757814855969, 36.301484286146554 ], [ 59.649003559505871, 36.301232245316292 ], [ 59.649036402819846, 36.301126510578989 ], [ 59.649350300180615, 36.300787707009455 ], [ 59.649774603531981, 36.300362683025 ], [ 59.650798785761559, 36.299264296140606 ], [ 59.650843785094303, 36.29906812754804 ], [ 59.650970147526742, 36.298824404018028 ], [ 59.651178938313343, 36.298722522747482 ], [ 59.651262184653952, 36.298422295012884 ], [ 59.651151326110565, 36.2976304947763 ], [ 59.65105842632024, 36.297109159202172 ], [ 59.650910348917257, 36.296831592651095 ], [ 59.650701854728531, 36.295912094603651 ], [ 59.650502339320219, 36.29530582132476 ], [ 59.65042834567631, 36.295240020596829 ], [ 59.650455057425177, 36.295213786345222 ], [ 59.650353287557998, 36.294891482437016 ], [ 59.650366673322154, 36.294878229919391 ], [ 59.650110901923803, 36.294039174579247 ], [ 59.650022245303198, 36.293689749852653 ], [ 59.649529347693758, 36.292220155643726 ], [ 59.649129401642476, 36.291026579012673 ], [ 59.649092640534846, 36.290996354633307 ], [ 59.649066997025344, 36.290981080807782 ], [ 59.649035017610544, 36.290966754970469 ], [ 59.649006125465547, 36.290957468120418 ], [ 59.648971910453731, 36.290950312681133 ], [ 59.648922232534034, 36.290946597655918 ], [ 59.648865824670636, 36.290951600078166 ], [ 59.648826603112674, 36.290961193740529 ], [ 59.648509170526225, 36.291121441617932 ], [ 59.648324013023853, 36.29124271023592 ], [ 59.647958206063642, 36.291546578414007 ], [ 59.646579202794626, 36.2929648131269 ], [ 59.646578699229984, 36.292965329887537 ], [ 59.645889276952076, 36.293675658263943 ], [ 59.642928075949094, 36.291822926298408 ], [ 59.641865640193913, 36.29127935670747 ], [ 59.641852851570093, 36.291295452989779 ], [ 59.641566058000571, 36.291143111143526 ], [ 59.641359909005082, 36.291063393175264 ], [ 59.640565204817747, 36.290936755914643 ], [ 59.640421497417229, 36.29096696671963 ], [ 59.640197183031503, 36.290917847593484 ], [ 59.640032439833135, 36.290984577704215 ], [ 59.639885391474024, 36.290915723791777 ], [ 59.639798487895177, 36.290817621686379 ], [ 59.639278838449108, 36.290585152605033 ], [ 59.634637985864266, 36.289378772637384 ], [ 59.634461017956596, 36.289401179143717 ], [ 59.633557625132475, 36.289894844736935 ], [ 59.63097523884516, 36.292587856902784 ], [ 59.629053105660141, 36.294894795096845 ], [ 59.628671947698443, 36.295479989936617 ], [ 59.628671837308033, 36.295521603708686 ], [ 59.628675701600244, 36.295596943646778 ], [ 59.628685627934914, 36.295677218924212 ], [ 59.628702898719844, 36.295762688828525 ], [ 59.628728745557808, 36.295852497097187 ], [ 59.628753515586332, 36.295919814582945 ], [ 59.628605075470411, 36.296079518039583 ], [ 59.628499083874395, 36.296193550585642 ], [ 59.628995679239132, 36.296500309606216 ], [ 59.628988081958518, 36.296529365868842 ], [ 59.62897078787055, 36.296595511585146 ], [ 59.628988815309199, 36.296599483352381 ], [ 59.629001906821863, 36.296602748079351 ], [ 59.629017859438541, 36.296607165655693 ], [ 59.629031527552492, 36.296611355006235 ], [ 59.629056741645137, 36.296620096740661 ], [ 59.629069109605744, 36.296624890602203 ], [ 59.629089219097679, 36.296633439121308 ], [ 59.633314067053817, 36.299267906975771 ], [ 59.633610738452212, 36.299359746165344 ], [ 59.637069755271021, 36.301522658868123 ], [ 59.637015643924592, 36.301568917155393 ], [ 59.637553441831791, 36.301907256137149 ], [ 59.644288411915838, 36.306083159917023 ] ] ] } },
{ "type": "Feature", "properties": { "fid": 22, "region": 3, "district": 3 }, "geometry": { "type": "Polygon", "coordinates": [ [ [ 59.617921608853742, 36.367644056439808 ], [ 59.631422972737035, 36.360010637298323 ], [ 59.641727917937864, 36.354062345850345 ], [ 59.64602505652239, 36.351521499950891 ], [ 59.65520988811042, 36.345552742869899 ], [ 59.657717330479919, 36.345033612406411 ], [ 59.656549121329874, 36.342542126321341 ], [ 59.655731782407706, 36.340820389096201 ], [ 59.653988646197703, 36.339100081748064 ], [ 59.652510528114867, 36.337986912838119 ], [ 59.650152835927344, 36.335907634182966 ], [ 59.645916221688999, 36.330193608345105 ], [ 59.642176148005632, 36.326107839979272 ], [ 59.641343001794745, 36.323716072854872 ], [ 59.640169814404445, 36.321517066277778 ], [ 59.639680737847137, 36.319307865095311 ], [ 59.632025195101612, 36.323111584088821 ], [ 59.630679898135078, 36.324152981384358 ], [ 59.625560673796315, 36.326660068633096 ], [ 59.625501405159632, 36.326512658014479 ], [ 59.625449039437989, 36.326414134125201 ], [ 59.62535634747757, 36.326276348111406 ], [ 59.625229081626415, 36.32613076713816 ], [ 59.625126363528359, 36.326036368072685 ], [ 59.62493634750404, 36.325898049280184 ], [ 59.624791579929266, 36.325816121838521 ], [ 59.624580600881941, 36.325724486980654 ], [ 59.624377038144594, 36.325661869822078 ], [ 59.624184497952434, 36.325622827773934 ], [ 59.6241330217388, 36.325615478712038 ], [ 59.624057886857578, 36.325607010884937 ], [ 59.623922215633499, 36.325598378563498 ], [ 59.623822354156424, 36.325597428624604 ], [ 59.623737163405472, 36.325600229146374 ], [ 59.623664741596365, 36.325605236615338 ], [ 59.62358126906085, 36.32561403683345 ], [ 59.623510623910207, 36.325624063964675 ], [ 59.623432509498109, 36.325637970103287 ], [ 59.623353966015095, 36.325655023806299 ], [ 59.623819145611499, 36.326281051561892 ], [ 59.62326949218901, 36.3264691857581 ], [ 59.623239415607941, 36.326753445239824 ], [ 59.621903031473728, 36.327918812005336 ], [ 59.620925868474373, 36.328341581387086 ], [ 59.621472433578099, 36.329141838664889 ], [ 59.620959429478972, 36.329371238132936 ], [ 59.62091278223204, 36.329500826651298 ], [ 59.614690144547666, 36.332581549202992 ], [ 59.614215972301082, 36.332777794227766 ], [ 59.608303143557798, 36.335738909958302 ], [ 59.607825926538027, 36.336031986003817 ], [ 59.607250782101538, 36.336543031666857 ], [ 59.607123216098913, 36.336693707412692 ], [ 59.60706400647193, 36.336794557058354 ], [ 59.607023902584004, 36.336889108885593 ], [ 59.606993075311934, 36.337003428402625 ], [ 59.606981076789481, 36.337099198090058 ], [ 59.606982365011049, 36.337209919015919 ], [ 59.606996477828964, 36.337304961016017 ], [ 59.607028803493961, 36.337375672405344 ], [ 59.608199807127185, 36.340113579294076 ], [ 59.608604437607454, 36.340888226581662 ], [ 59.610240448193871, 36.343714183195473 ], [ 59.610283596966163, 36.343766073857907 ], [ 59.610313322639144, 36.343793947264075 ], [ 59.610370900669125, 36.343836364780465 ], [ 59.610445992458274, 36.343875772261455 ], [ 59.610491869273204, 36.343893192134416 ], [ 59.610563484632749, 36.343912132169528 ], [ 59.610626430805397, 36.343921409078497 ], [ 59.61068488075751, 36.343924284345121 ], [ 59.610752707415692, 36.343920848547512 ], [ 59.610944585707173, 36.343887798878896 ], [ 59.612445245619703, 36.343350530142338 ], [ 59.613161048314709, 36.344434408223243 ], [ 59.617325055962787, 36.366973831877893 ], [ 59.617921608853742, 36.367644056439808 ] ] ] } },
{ "type": "Feature", "properties": { "fid": 23, "region": 11, "district": 1 }, "geometry": { "type": "Polygon", "coordinates": [ [ [ 59.514923736904393, 36.344927670001596 ], [ 59.518258147635869, 36.34492310237848 ], [ 59.520023406504976, 36.344732649258233 ], [ 59.522628094595383, 36.34431714680624 ], [ 59.523079818367165, 36.344505886040032 ], [ 59.523200539206336, 36.344449258774659 ], [ 59.525918329521119, 36.344881386726485 ], [ 59.527896244973114, 36.344923032308571 ], [ 59.529887454978308, 36.344921139882423 ], [ 59.537634887861124, 36.3449584039992 ], [ 59.539297235238536, 36.344738986030031 ], [ 59.539412077805679, 36.34484469825815 ], [ 59.539751339302143, 36.344999712826279 ], [ 59.539925079328157, 36.344860827303918 ], [ 59.540257023797821, 36.344790676887193 ], [ 59.541819539269916, 36.34488852366681 ], [ 59.543243417178658, 36.344827845960133 ], [ 59.543765558391605, 36.344758314768661 ], [ 59.544192915691916, 36.344659641661089 ], [ 59.54463928688866, 36.344465699938091 ], [ 59.545860386623026, 36.343735679358375 ], [ 59.546649385054948, 36.343112147747398 ], [ 59.546906145157529, 36.342776518094546 ], [ 59.547060309859525, 36.342409681948318 ], [ 59.547001154795268, 36.341750113013909 ], [ 59.547996341241358, 36.341606536182461 ], [ 59.547172075173364, 36.338974810769606 ], [ 59.544976783174889, 36.330639292106937 ], [ 59.544453127377409, 36.328442680686116 ], [ 59.544267876419696, 36.327337692738226 ], [ 59.544304779740926, 36.327102575344519 ], [ 59.544450352081739, 36.32678402726107 ], [ 59.544675599094319, 36.32651785566982 ], [ 59.544990762865226, 36.326276808987508 ], [ 59.544942724438592, 36.32616968003844 ], [ 59.544619942259047, 36.326176555727116 ], [ 59.544557257827215, 36.325961585254831 ], [ 59.544944183910047, 36.325872227243764 ], [ 59.544659617290627, 36.325653208159508 ], [ 59.544719222984675, 36.325462432953429 ], [ 59.544630311023717, 36.32545848406513 ], [ 59.544554191272567, 36.325452794428848 ], [ 59.54449900488288, 36.325447326678841 ], [ 59.544415586891041, 36.325436893070005 ], [ 59.544329427434796, 36.325423330876767 ], [ 59.544254184438856, 36.32540911971531 ], [ 59.544209894399721, 36.32539827524748 ], [ 59.544154184363308, 36.325371605106753 ], [ 59.544095824741575, 36.325340829268143 ], [ 59.544026471453243, 36.325300107602352 ], [ 59.543964167081839, 36.325259236674967 ], [ 59.54390761977109, 36.325218152980248 ], [ 59.543854392387111, 36.325175516854522 ], [ 59.543799331776633, 36.325126717146723 ], [ 59.543737205815248, 36.325064782126958 ], [ 59.543672746845985, 36.324990766448686 ], [ 59.543608547553191, 36.324903565810551 ], [ 59.543571300994692, 36.324844275214545 ], [ 59.543537695256212, 36.324782888216674 ], [ 59.543511951213411, 36.324728708968536 ], [ 59.543490790623679, 36.324677445993387 ], [ 59.543463891358137, 36.324586985134729 ], [ 59.543437019810227, 36.324496621015697 ], [ 59.543406850472564, 36.324395161167473 ], [ 59.543203168829244, 36.323710189222894 ], [ 59.541846311198391, 36.318628816863836 ], [ 59.541225788126141, 36.316325729789675 ], [ 59.541221740697338, 36.316285807173401 ], [ 59.541220445454968, 36.316240476015075 ], [ 59.541222937190305, 36.316192005356086 ], [ 59.541230772003523, 36.316136358609725 ], [ 59.540361706470811, 36.316239229100937 ], [ 59.539719251608396, 36.315994284718315 ], [ 59.539568476022126, 36.31570303815392 ], [ 59.537277011849625, 36.316472752696988 ], [ 59.536470718494819, 36.316679143796378 ], [ 59.509100764921662, 36.325238062756618 ], [ 59.509206573388035, 36.325455093219922 ], [ 59.509063937138677, 36.326060310185149 ], [ 59.509126574453546, 36.326234272856389 ], [ 59.509420318606068, 36.326846413725839 ], [ 59.509528043561311, 36.327101720776064 ], [ 59.509633651583023, 36.327326750250009 ], [ 59.509846269464447, 36.327774755122981 ], [ 59.509900101582041, 36.327889603161196 ], [ 59.509964724509743, 36.328014992078074 ], [ 59.510012006831765, 36.328157131596129 ], [ 59.510130457554524, 36.328408615578944 ], [ 59.510139089221397, 36.328405713212462 ], [ 59.510169266091538, 36.328470411399607 ], [ 59.510183642543439, 36.328465966979728 ], [ 59.510346063507349, 36.328804538048502 ], [ 59.510520935267529, 36.32917606131263 ], [ 59.510762037989856, 36.329673096606015 ], [ 59.510924457549933, 36.330015344011663 ], [ 59.510991765256811, 36.330166753601674 ], [ 59.511228362887699, 36.330646090228015 ], [ 59.511284419920585, 36.330807647575703 ], [ 59.511492519039642, 36.331276505949432 ], [ 59.511599736301804, 36.331522896902662 ], [ 59.511678382822126, 36.331692509678767 ], [ 59.511639427006912, 36.331708447871961 ], [ 59.511687527293603, 36.331844873244279 ], [ 59.511708343977226, 36.331849591755685 ], [ 59.511767938116961, 36.332029238015025 ], [ 59.511796603369127, 36.332197947735068 ], [ 59.511797911794083, 36.332237675858806 ], [ 59.511817674066997, 36.332292861388765 ], [ 59.51185391667989, 36.332396421952822 ], [ 59.511875042452957, 36.332463847975774 ], [ 59.511939826905881, 36.332604091691394 ], [ 59.511947593882169, 36.332751071064898 ], [ 59.512041604688676, 36.333108724244397 ], [ 59.512099246324297, 36.333270183775781 ], [ 59.51225574254461, 36.333869883570401 ], [ 59.512294211506912, 36.334044667939501 ], [ 59.512450776604716, 36.334602863604438 ], [ 59.512630563569985, 36.335275180386112 ], [ 59.512811866197474, 36.335959577240004 ], [ 59.512915239088429, 36.336373325724281 ], [ 59.512998782404544, 36.33665530999648 ], [ 59.513076244137103, 36.336925720790319 ], [ 59.513109074449815, 36.337039646191933 ], [ 59.513145707365688, 36.337171815556616 ], [ 59.513286278642525, 36.337673368887863 ], [ 59.513445900824507, 36.338280559721611 ], [ 59.513482424707853, 36.338427697037424 ], [ 59.513515251230913, 36.338549916868359 ], [ 59.513590046751467, 36.338835260779369 ], [ 59.513629072389001, 36.338971421830948 ], [ 59.513690060788136, 36.339173236932361 ], [ 59.513742775651046, 36.339369747226392 ], [ 59.513800471540591, 36.339584826325911 ], [ 59.513855021823566, 36.339782237956186 ], [ 59.513934077639981, 36.34005274960937 ], [ 59.513958551239732, 36.340143674999375 ], [ 59.513974948428192, 36.340197332005353 ], [ 59.514017689666041, 36.34034381456997 ], [ 59.514035255313594, 36.340389739200738 ], [ 59.514171988566105, 36.340625700810229 ], [ 59.514225904291607, 36.341243877567315 ], [ 59.514589585635257, 36.342730458673245 ], [ 59.514526595372708, 36.342928783555237 ], [ 59.5145318516713, 36.342956078173899 ], [ 59.514923736904393, 36.344927670001596 ] ] ] } },
{ "type": "Feature", "properties": { "fid": 24, "region": 3, "district": 4 }, "geometry": { "type": "Polygon", "coordinates": [ [ [ 59.661653164848481, 36.43040478112875 ], [ 59.664091109489739, 36.43021956882302 ], [ 59.665671873458159, 36.42923821355685 ], [ 59.671988974694784, 36.427481901843052 ], [ 59.67223315848819, 36.42456979421042 ], [ 59.672244700461825, 36.421907330689045 ], [ 59.673354373097013, 36.418419351433847 ], [ 59.674376650388503, 36.413305944364261 ], [ 59.674364610072388, 36.412450963807693 ], [ 59.674756885768133, 36.412363824300755 ], [ 59.675100792679103, 36.412141867193505 ], [ 59.67577859502962, 36.412095151682195 ], [ 59.675846727984556, 36.411966811401221 ], [ 59.676280676977328, 36.411776147992221 ], [ 59.676345284275818, 36.41140378038866 ], [ 59.676245285977771, 36.411333399386741 ], [ 59.676497788784822, 36.41019171213371 ], [ 59.676636568560184, 36.410102703171582 ], [ 59.676902060081879, 36.410121296830518 ], [ 59.67697815140523, 36.409729940813897 ], [ 59.676674441523296, 36.409674466033408 ], [ 59.676711344802499, 36.408420880854429 ], [ 59.676957426615289, 36.408358696444417 ], [ 59.6767778652437, 36.407986783771989 ], [ 59.676617905316135, 36.407981766596833 ], [ 59.676622268142204, 36.40764147502572 ], [ 59.676914079734317, 36.407376262063437 ], [ 59.676790513764331, 36.407352568851422 ], [ 59.676782785963944, 36.407179681597341 ], [ 59.677360968842763, 36.407021452266093 ], [ 59.676988517525302, 36.406355792858925 ], [ 59.6769736293585, 36.405889114176652 ], [ 59.677387935741379, 36.405818406720783 ], [ 59.677252928911365, 36.405066846192092 ], [ 59.676616912313222, 36.405137060802858 ], [ 59.676647321237603, 36.403540905909061 ], [ 59.676654863906386, 36.403494176859859 ], [ 59.677115746537744, 36.40354278566587 ], [ 59.677153496069977, 36.403303287727176 ], [ 59.677509014903421, 36.403383202781903 ], [ 59.677651498074788, 36.402914356841791 ], [ 59.677304738863057, 36.402772323240782 ], [ 59.677821314494444, 36.402620079613094 ], [ 59.677828047611541, 36.402436866817979 ], [ 59.679184202564741, 36.402229366808761 ], [ 59.679580430886674, 36.402884776814908 ], [ 59.680365683328311, 36.402741064251458 ], [ 59.68087882109154, 36.403292409376952 ], [ 59.681085007213746, 36.403149273212598 ], [ 59.682842350325714, 36.40518333605204 ], [ 59.683447487055432, 36.406742456883883 ], [ 59.684851914654359, 36.406665427176598 ], [ 59.684787975459862, 36.405903789022197 ], [ 59.683694409253832, 36.405765316930037 ], [ 59.683384486477692, 36.404963455883284 ], [ 59.684335608618341, 36.404976881713061 ], [ 59.68454353096606, 36.403336676611424 ], [ 59.683076173569312, 36.403313651310576 ], [ 59.683085134699198, 36.402966940570479 ], [ 59.682920826927777, 36.402953400956875 ], [ 59.682979940207204, 36.402484681332609 ], [ 59.682972637930085, 36.401778788610336 ], [ 59.682972609736133, 36.401697403739817 ], [ 59.683096229340137, 36.401240665002021 ], [ 59.682805070586305, 36.40002261179027 ], [ 59.681292493228518, 36.400932011951106 ], [ 59.680541579437133, 36.400576257965056 ], [ 59.680063613252912, 36.401057872987273 ], [ 59.6796892442649, 36.400711306150292 ], [ 59.680314880850339, 36.399645812796116 ], [ 59.68158300945219, 36.399610043360752 ], [ 59.681591523189539, 36.398875161387664 ], [ 59.679930439762884, 36.398862574939443 ], [ 59.679929727383836, 36.398579995348761 ], [ 59.680471688661555, 36.398643469268251 ], [ 59.680640737773082, 36.398502230626683 ], [ 59.680675922886294, 36.397449330797031 ], [ 59.680144793487685, 36.397383912859326 ], [ 59.680365278816197, 36.39654172716201 ], [ 59.680390485266358, 36.395219173814112 ], [ 59.680317415531476, 36.393983779101752 ], [ 59.680213757351012, 36.393378602123249 ], [ 59.680383613443048, 36.392971380667682 ], [ 59.680351945779719, 36.39203055197968 ], [ 59.680292149288853, 36.391648295998223 ], [ 59.680505054156122, 36.390331099723085 ], [ 59.680251274037303, 36.390283273099577 ], [ 59.680316950353905, 36.38895301096111 ], [ 59.68011312422886, 36.387621704708614 ], [ 59.679757703822041, 36.386923176990052 ], [ 59.679592366909901, 36.385837266745277 ], [ 59.679559979455924, 36.385299682939312 ], [ 59.679399134509197, 36.385309733806096 ], [ 59.679333607198309, 36.384986491708567 ], [ 59.678870615534443, 36.384381651260071 ], [ 59.677199425342252, 36.38482723565447 ], [ 59.676304856313081, 36.384664336591179 ], [ 59.675927696437576, 36.384735038379617 ], [ 59.675974941444274, 36.383737843690682 ], [ 59.675426613218534, 36.383852546628539 ], [ 59.675317100725159, 36.382847760169035 ], [ 59.674560118056561, 36.382896849088915 ], [ 59.674708174177255, 36.381573962764918 ], [ 59.674186947938935, 36.381136513097765 ], [ 59.67505915173988, 36.380823130087578 ], [ 59.674722446512334, 36.380005305371014 ], [ 59.675861448153029, 36.37964665865433 ], [ 59.676042602088557, 36.379837633142884 ], [ 59.677973201526385, 36.379740370965791 ], [ 59.67791661399712, 36.379211433792321 ], [ 59.678438470012686, 36.379068495840563 ], [ 59.678438567648676, 36.378801820386329 ], [ 59.680479534482444, 36.378627858648933 ], [ 59.680518186547282, 36.377555727899562 ], [ 59.677315863218425, 36.377847515586453 ], [ 59.677250967224609, 36.377330836347696 ], [ 59.676710973274311, 36.376738158038386 ], [ 59.676986411237841, 36.376292008195207 ], [ 59.677049578312513, 36.375823360901613 ], [ 59.677599344174908, 36.374775916931206 ], [ 59.677670370018873, 36.374258253749915 ], [ 59.678459246329972, 36.373643855200598 ], [ 59.676613869879603, 36.370017551159222 ], [ 59.67474740405644, 36.370860053802126 ], [ 59.674687024431719, 36.370704340343394 ], [ 59.674805488367554, 36.370649800669405 ], [ 59.674687217763243, 36.370308274112659 ], [ 59.674552417759521, 36.370338565741392 ], [ 59.674305770103558, 36.369620666330007 ], [ 59.672888524931679, 36.370249222050681 ], [ 59.672761835392805, 36.370073055791508 ], [ 59.672092951226752, 36.370337038225792 ], [ 59.672044733820321, 36.370142392174678 ], [ 59.671592461168927, 36.370207167245852 ], [ 59.671687609480031, 36.370411085218585 ], [ 59.671224439998348, 36.370552430161716 ], [ 59.671347852307854, 36.370980826369987 ], [ 59.671066301066098, 36.371070614700599 ], [ 59.6706650197128, 36.370247659582382 ], [ 59.669541057036092, 36.370456265855303 ], [ 59.670022806665067, 36.372153880321235 ], [ 59.669669056606764, 36.372423814210336 ], [ 59.669884086641382, 36.373148201381071 ], [ 59.66932109805952, 36.373691602852801 ], [ 59.668025026535489, 36.375446324001089 ], [ 59.668174057851409, 36.375976991060128 ], [ 59.667739388121007, 36.376154930980896 ], [ 59.667317029609556, 36.375668641182791 ], [ 59.665305238522734, 36.376017457351971 ], [ 59.664093308924429, 36.376439032648648 ], [ 59.664472242457933, 36.377497007579059 ], [ 59.66478675995134, 36.37807191090581 ], [ 59.665469976869055, 36.377863893865282 ], [ 59.665701417862728, 36.378386395432884 ], [ 59.666680812659642, 36.378102712003709 ], [ 59.667105720992737, 36.378689976368463 ], [ 59.666719957387372, 36.37893844303025 ], [ 59.66750549993251, 36.378980854696934 ], [ 59.667403128314852, 36.379290519128659 ], [ 59.662744521099867, 36.379025764010343 ], [ 59.662668496132902, 36.37978729330878 ], [ 59.663072331492408, 36.379813655264272 ], [ 59.663047003377095, 36.380080973832939 ], [ 59.667014960015678, 36.380326735170726 ], [ 59.66709915316855, 36.380221240648908 ], [ 59.667269488772384, 36.379799539107253 ], [ 59.669437225065444, 36.380436146880378 ], [ 59.669288371209561, 36.381710407073953 ], [ 59.669274129917845, 36.384291722790962 ], [ 59.670272911519795, 36.385777143567474 ], [ 59.669650412472336, 36.38608405207944 ], [ 59.669408079945157, 36.386674241145656 ], [ 59.669041687426862, 36.388929788786193 ], [ 59.669375301101027, 36.389326181093445 ], [ 59.669212283752401, 36.389415871113897 ], [ 59.669264018198909, 36.39052389810756 ], [ 59.669496277487781, 36.390904607253312 ], [ 59.668932817465318, 36.391173390821017 ], [ 59.668915165726531, 36.391479143044194 ], [ 59.669283661062849, 36.392220832743284 ], [ 59.668464989705512, 36.392549816965037 ], [ 59.668394161412415, 36.392817607940479 ], [ 59.669380349076228, 36.394852823846435 ], [ 59.669527436031771, 36.395343837028555 ], [ 59.669439995256141, 36.396237796064526 ], [ 59.66914818750088, 36.39621273643354 ], [ 59.669087560646979, 36.396674127163749 ], [ 59.66929834149763, 36.396983225977124 ], [ 59.668944448132407, 36.397408543682516 ], [ 59.668685643130303, 36.398160725699455 ], [ 59.668913972266772, 36.399244906906951 ], [ 59.668798926589709, 36.39993804583191 ], [ 59.668414952609581, 36.400632314824549 ], [ 59.668298565330097, 36.401177176601387 ], [ 59.668285447546971, 36.40210851729033 ], [ 59.667030100478776, 36.403708350730696 ], [ 59.666595028182606, 36.404617938151617 ], [ 59.666542165027806, 36.405534108365522 ], [ 59.667489386929006, 36.407241842983467 ], [ 59.66531514500538, 36.408105670087238 ], [ 59.66509369953279, 36.408897716568518 ], [ 59.663989132490599, 36.409850031747972 ], [ 59.664690006330908, 36.411382803305855 ], [ 59.667147197293581, 36.410915092105888 ], [ 59.666038820385367, 36.4134245557401 ], [ 59.666894317848147, 36.415706434417608 ], [ 59.667223416510062, 36.415853651569023 ], [ 59.667979027910668, 36.41680970220952 ], [ 59.667875402250601, 36.417270983127324 ], [ 59.665339526160544, 36.419150056341927 ], [ 59.663783184109803, 36.422853736746887 ], [ 59.663949965858478, 36.423302495614564 ], [ 59.664381683866786, 36.423127521699669 ], [ 59.663841075886722, 36.424097988826581 ], [ 59.663706293336844, 36.42641543874192 ], [ 59.661868680167764, 36.428785661139948 ], [ 59.663027663242495, 36.428457318586702 ], [ 59.66279188113392, 36.429828233200418 ], [ 59.661841669069325, 36.429869188082357 ], [ 59.661653164848481, 36.43040478112875 ] ] ] } },
{ "type": "Feature", "properties": { "fid": 25, "region": 13, "district": 1 }, "geometry": { "type": "Polygon", "coordinates": [ [ [ 59.609954614310759, 36.294158985003321 ], [ 59.616250711461902, 36.288302416630415 ], [ 59.612613244697854, 36.284335321013963 ], [ 59.612655869685248, 36.28431214309191 ], [ 59.612721437508036, 36.284268835715778 ], [ 59.612803117762034, 36.284197330426331 ], [ 59.612855868158185, 36.284134936767316 ], [ 59.612902423745574, 36.284059901254302 ], [ 59.612942852360497, 36.283954635058279 ], [ 59.612956681801251, 36.283875785320483 ], [ 59.612956642082175, 36.283787962082968 ], [ 59.612945279238616, 36.283719234658662 ], [ 59.612921346926719, 36.283645253687027 ], [ 59.612892368647579, 36.283585624884395 ], [ 59.612833251784096, 36.283500359632278 ], [ 59.612773933105501, 36.283438509210704 ], [ 59.612706388833693, 36.283376147324297 ], [ 59.612609590589457, 36.283327014789691 ], [ 59.612559764101967, 36.283309782226262 ], [ 59.612499111126077, 36.283291491204132 ], [ 59.612424050481636, 36.283275343792049 ], [ 59.612347330207108, 36.28326557483993 ], [ 59.612269772052969, 36.283262291657998 ], [ 59.6122051105216, 36.283264628023836 ], [ 59.612115479473999, 36.283275252951718 ], [ 59.61199167890819, 36.283305565738779 ], [ 59.61156328855084, 36.283523463156186 ], [ 59.611545237027414, 36.283562026384722 ], [ 59.61150836360558, 36.283640955984147 ], [ 59.611477952165615, 36.283731605055308 ], [ 59.611469114138494, 36.283836138984157 ], [ 59.611468790323407, 36.283929803208885 ], [ 59.611515154856747, 36.284059690262083 ], [ 59.611549035690949, 36.284124454051152 ], [ 59.61162773260191, 36.284221097756898 ], [ 59.606439493959009, 36.29055057862805 ], [ 59.606439458476075, 36.290550616354061 ], [ 59.606074601497475, 36.290848902807873 ], [ 59.606064908029751, 36.290878442416627 ], [ 59.606322489659043, 36.291196122223049 ], [ 59.609859164405222, 36.29387409174393 ], [ 59.609870187643502, 36.294033761138593 ], [ 59.609954614310759, 36.294158985003321 ] ] ] } },
{ "type": "Feature", "properties": { "fid": 26, "region": 7, "district": 3 }, "geometry": { "type": "Polygon", "coordinates": [ [ [ 59.627765355499015, 36.214647117773382 ], [ 59.639152466895403, 36.20830376977581 ], [ 59.652073001117046, 36.213484526818213 ], [ 59.657856120472246, 36.215802699004549 ], [ 59.662179633036985, 36.219403714043565 ], [ 59.664545297943647, 36.217582550337269 ], [ 59.665460399867584, 36.218328230824348 ], [ 59.663084492445456, 36.220157297769717 ], [ 59.666365405563795, 36.222706224803545 ], [ 59.667297193651194, 36.221648991258057 ], [ 59.67167374053075, 36.21461155923113 ], [ 59.67437984322072, 36.209161516102874 ], [ 59.674898203712765, 36.20740147238169 ], [ 59.672646851070809, 36.205622237185047 ], [ 59.67454909564394, 36.204660424318035 ], [ 59.669381026670301, 36.202784085557788 ], [ 59.670885299969108, 36.199929542329997 ], [ 59.665784346140391, 36.199691846091369 ], [ 59.66302675743151, 36.20002365622171 ], [ 59.659841989139274, 36.199562773110031 ], [ 59.65803051602235, 36.199594031303469 ], [ 59.653957032653068, 36.198828279646797 ], [ 59.652606775508382, 36.198686991105269 ], [ 59.651528495050925, 36.199026344142084 ], [ 59.646297606463769, 36.198889833905945 ], [ 59.645966787444536, 36.194679202363396 ], [ 59.645661317219464, 36.193532330125194 ], [ 59.638471889473976, 36.191681289334731 ], [ 59.631084725289696, 36.188563358148308 ], [ 59.630190771662697, 36.188309847441111 ], [ 59.627276093983674, 36.188001333791632 ], [ 59.621027764793887, 36.188339022133448 ], [ 59.619382939086208, 36.188836918796483 ], [ 59.616883055721914, 36.190461126269746 ], [ 59.613437546632767, 36.194177618872125 ], [ 59.611234171105053, 36.195999149170333 ], [ 59.612604405324696, 36.196106340312411 ], [ 59.613090095048875, 36.196126964824415 ], [ 59.613338330086528, 36.198582821218807 ], [ 59.613715487087283, 36.203892035073991 ], [ 59.624882754042098, 36.202939774425957 ], [ 59.625924581294782, 36.213813316378278 ], [ 59.626008896470033, 36.213903847380671 ], [ 59.626156530476592, 36.214029839172518 ], [ 59.626366867414362, 36.214161586428759 ], [ 59.626513969364844, 36.214229704225673 ], [ 59.626682937170372, 36.214288637073679 ], [ 59.62695980287382, 36.214347462702335 ], [ 59.627144149793665, 36.214363345701692 ], [ 59.627765355499015, 36.214647117773382 ] ] ] } },
{ "type": "Feature", "properties": { "fid": 27, "region": 9, "district": 3 }, "geometry": { "type": "Polygon", "coordinates": [ [ [ 59.442080948407337, 36.347929116396188 ], [ 59.442936070430555, 36.347127500052821 ], [ 59.44435644408702, 36.346717611382168 ], [ 59.444620972148961, 36.346625272438828 ], [ 59.444779256100361, 36.346553161681783 ], [ 59.444939056343877, 36.346465281248463 ], [ 59.445077700419951, 36.34637449172979 ], [ 59.445235433441276, 36.346250791569069 ], [ 59.445404508573858, 36.34608577520126 ], [ 59.445573981884387, 36.345898754323379 ], [ 59.445805428476675, 36.345643343688693 ], [ 59.446045482517995, 36.345378433331391 ], [ 59.446262234692995, 36.345175220310779 ], [ 59.446453808995329, 36.345029808117829 ], [ 59.446613323513382, 36.344927370027477 ], [ 59.446820091308929, 36.344815182331367 ], [ 59.447053441338248, 36.344712151190897 ], [ 59.447314180951636, 36.344622393249132 ], [ 59.449300494665906, 36.344013857805834 ], [ 59.450842513045636, 36.343464565730912 ], [ 59.451636273109457, 36.343181807759379 ], [ 59.461241377537043, 36.340184997951482 ], [ 59.501961889854385, 36.327469157777685 ], [ 59.501922218687618, 36.327425756257433 ], [ 59.500531149286381, 36.32590375487829 ], [ 59.499147595648147, 36.324374257588779 ], [ 59.497836217132736, 36.322935315707021 ], [ 59.497378900472448, 36.322376816054771 ], [ 59.496360222490317, 36.321256117901733 ], [ 59.49608758052522, 36.321005523686111 ], [ 59.495033138234433, 36.319785944741277 ], [ 59.493927070942242, 36.318554203396381 ], [ 59.493895933736702, 36.318572654783139 ], [ 59.493658138767969, 36.318309870858386 ], [ 59.493202149890017, 36.31780245626517 ], [ 59.493135810436875, 36.317730202674319 ], [ 59.493164683439858, 36.317607673646727 ], [ 59.492893049897077, 36.317320460887274 ], [ 59.492745159434264, 36.317286694914614 ], [ 59.491701027372947, 36.316133053371281 ], [ 59.490397702315015, 36.31461905257472 ], [ 59.490259234879318, 36.313756627781416 ], [ 59.49003935094818, 36.313745627586847 ], [ 59.489901915526943, 36.313682284076776 ], [ 59.488364626974956, 36.312251099399582 ], [ 59.488053462828695, 36.31226684522025 ], [ 59.487361970097929, 36.311455403041876 ], [ 59.487137520566932, 36.311336274333755 ], [ 59.486894739773888, 36.311070254792853 ], [ 59.486483852216182, 36.310335119434413 ], [ 59.486260002216497, 36.310404935966453 ], [ 59.486176418749409, 36.310076588831507 ], [ 59.486145305351656, 36.309309383192399 ], [ 59.48604153747565, 36.308904773054088 ], [ 59.47202037778569, 36.292840921814168 ], [ 59.468497278023669, 36.295687792985476 ], [ 59.466753689861932, 36.299716547084955 ], [ 59.467246649195424, 36.307232196865222 ], [ 59.463367562594115, 36.314892140959344 ], [ 59.46354345965046, 36.320125042200544 ], [ 59.460846859935302, 36.321145007129637 ], [ 59.459349938446955, 36.322419622049701 ], [ 59.457883815064875, 36.324675997849582 ], [ 59.456723736697526, 36.325330767712721 ], [ 59.438426001573184, 36.330410456614892 ], [ 59.439156985855746, 36.330990389742993 ], [ 59.438075416618098, 36.331670418694181 ], [ 59.441613146871354, 36.334022651260469 ], [ 59.442081750235374, 36.335473174257586 ], [ 59.439344505268878, 36.33735874226624 ], [ 59.43939649647681, 36.339025081861912 ], [ 59.441712102577185, 36.340401816293912 ], [ 59.441740235787826, 36.341302538415292 ], [ 59.438872057908512, 36.342568879178764 ], [ 59.442080948407337, 36.347929116396188 ] ] ] } },
{ "type": "Feature", "properties": { "fid": 28, "region": 10, "district": 3 }, "geometry": { "type": "Polygon", "coordinates": [ [ [ 59.490003512482915, 36.398006297269077 ], [ 59.492080153193612, 36.398449648606281 ], [ 59.500369435664275, 36.398285305070139 ], [ 59.501356536569673, 36.397777932946262 ], [ 59.503516598922182, 36.397345097200557 ], [ 59.505441074052221, 36.397908573077224 ], [ 59.508600437422615, 36.400888499329824 ], [ 59.513240132882238, 36.396748162190342 ], [ 59.51335142001934, 36.396646922815783 ], [ 59.513595617897593, 36.39640386360589 ], [ 59.525265517987521, 36.385971950876822 ], [ 59.525840949501855, 36.385455630768249 ], [ 59.528304680420185, 36.383745131081319 ], [ 59.531578782142574, 36.381936285229784 ], [ 59.540952021090398, 36.376780149215826 ], [ 59.541754801529727, 36.376105131584971 ], [ 59.542420977961562, 36.375000407111692 ], [ 59.542731910501686, 36.37359681289292 ], [ 59.546457748796243, 36.367550980842942 ], [ 59.546643517251766, 36.367096383336197 ], [ 59.546991575544048, 36.365809151137185 ], [ 59.54719904791029, 36.365678547046642 ], [ 59.547347563479143, 36.36546583903872 ], [ 59.549818979414134, 36.363137922266361 ], [ 59.550644526393796, 36.362227267088862 ], [ 59.550869644516887, 36.361715702343488 ], [ 59.551446071944497, 36.359576382974126 ], [ 59.551381952828521, 36.35952880222208 ], [ 59.551313093532542, 36.359467776589675 ], [ 59.55122890500764, 36.359373277113136 ], [ 59.551159164484716, 36.359266766765998 ], [ 59.551112798427418, 36.359165475559372 ], [ 59.551088175886008, 36.359085590974296 ], [ 59.551072712038362, 36.359001247693243 ], [ 59.551067981838635, 36.358939724237217 ], [ 59.551072710200174, 36.35883263134501 ], [ 59.551099513369429, 36.358707416311518 ], [ 59.551139536969458, 36.358605358216558 ], [ 59.551194080765491, 36.358509277158845 ], [ 59.551254608379445, 36.358428763891212 ], [ 59.551341134102017, 36.358339790947326 ], [ 59.551469346277237, 36.358242003223758 ], [ 59.548640460491306, 36.347694422197236 ], [ 59.547258490008197, 36.348363813359313 ], [ 59.546540827484741, 36.349209676989425 ], [ 59.545779670309102, 36.348926019894868 ], [ 59.540199155929045, 36.358348771694885 ], [ 59.54002214828887, 36.358283908575871 ], [ 59.539437855575187, 36.359157965745503 ], [ 59.539904848264904, 36.359357494146948 ], [ 59.539904680528352, 36.359357750071815 ], [ 59.53974655406504, 36.359598281236551 ], [ 59.539497590205187, 36.359491206271684 ], [ 59.538807129495396, 36.360654605997361 ], [ 59.538909771146066, 36.360735053380239 ], [ 59.538730576605964, 36.361027228146327 ], [ 59.538614299669639, 36.360979411858686 ], [ 59.536933734873735, 36.363777419706324 ], [ 59.536844874036696, 36.363742625801699 ], [ 59.536143445036217, 36.364665788191047 ], [ 59.536224992229812, 36.364706698984712 ], [ 59.535802977458445, 36.365244052867126 ], [ 59.535189655192838, 36.365492196148146 ], [ 59.534178653945418, 36.364952579087863 ], [ 59.53411530204, 36.364962127968184 ], [ 59.533940686107329, 36.364849373703699 ], [ 59.533557212794861, 36.364803783449773 ], [ 59.533490058048528, 36.36458691943411 ], [ 59.532965367311768, 36.364348836844968 ], [ 59.532682147471185, 36.364267448862257 ], [ 59.532312847107335, 36.364199975560268 ], [ 59.532215542767027, 36.36420469794222 ], [ 59.53183094084126, 36.364195395137465 ], [ 59.531810353614063, 36.364194897048961 ], [ 59.531405992022826, 36.364185115986238 ], [ 59.530718121220161, 36.364291494110489 ], [ 59.530168802549483, 36.364338904568307 ], [ 59.529403859907958, 36.364301783877494 ], [ 59.52934439700676, 36.364317527032391 ], [ 59.529028840695169, 36.364252547071473 ], [ 59.528153001181103, 36.36392244489749 ], [ 59.527505918575201, 36.363587377806255 ], [ 59.523799667578807, 36.361705174304028 ], [ 59.522691139650462, 36.361092677278812 ], [ 59.522127091430043, 36.360830849949004 ], [ 59.519725688273716, 36.359616783679414 ], [ 59.518779743825888, 36.359377651105746 ], [ 59.51852300491948, 36.359332272102478 ], [ 59.518410302254829, 36.359323468751136 ], [ 59.518224416189831, 36.359323204412711 ], [ 59.518039485135802, 36.359340607254353 ], [ 59.517943573419835, 36.359356787050075 ], [ 59.517799966533801, 36.359390668656729 ], [ 59.517620789731779, 36.359450643131886 ], [ 59.517516766656932, 36.35949562004761 ], [ 59.517403312346666, 36.359554541120133 ], [ 59.516867938287973, 36.359526113695452 ], [ 59.516741567608001, 36.359754097147118 ], [ 59.515222394236112, 36.361714846384416 ], [ 59.515178429069998, 36.361733797169386 ], [ 59.51506900815486, 36.361728036412579 ], [ 59.514999078479661, 36.361732813420474 ], [ 59.51494014296356, 36.361742095955144 ], [ 59.514878591716666, 36.361757250411948 ], [ 59.514822898340086, 36.361776242589251 ], [ 59.514776462901608, 36.361796415115883 ], [ 59.514724474543378, 36.361824473602731 ], [ 59.514500192672401, 36.362126619170333 ], [ 59.514495927818828, 36.36218687661944 ], [ 59.514497932354516, 36.362225295621741 ], [ 59.514511323238068, 36.362288708876072 ], [ 59.514526253511733, 36.362339467286965 ], [ 59.514553170202028, 36.362388305005801 ], [ 59.514581376738313, 36.362432208987514 ], [ 59.514611722928286, 36.362475769578189 ], [ 59.514331468391653, 36.36277008078941 ], [ 59.514048892612543, 36.362992337856873 ], [ 59.513830232263928, 36.363123120694844 ], [ 59.512918698108727, 36.363538870979603 ], [ 59.51225214770173, 36.363949461138489 ], [ 59.511819159404162, 36.36434611997776 ], [ 59.511518930053256, 36.364712948319017 ], [ 59.511241262221155, 36.36508831332948 ], [ 59.508693539164994, 36.368341413979032 ], [ 59.508409770098943, 36.368527632015535 ], [ 59.50807580955005, 36.368886146993667 ], [ 59.504658361231698, 36.373175879201114 ], [ 59.504346004230698, 36.373554983060764 ], [ 59.504015115765, 36.373621987313555 ], [ 59.504843600432025, 36.374433785570922 ], [ 59.504964958526521, 36.374395188177076 ], [ 59.506222815270043, 36.375629213942091 ], [ 59.506705333345415, 36.37605438130462 ], [ 59.507408054345596, 36.376578790912909 ], [ 59.508486019227696, 36.377285333574918 ], [ 59.509173013841618, 36.377713659205263 ], [ 59.509199342845513, 36.377839284898393 ], [ 59.509829735250761, 36.378033328078459 ], [ 59.509984220809052, 36.377985017210989 ], [ 59.51158321535528, 36.378492155175259 ], [ 59.512640347759984, 36.378785359156602 ], [ 59.513680431521649, 36.379241140794541 ], [ 59.514610014485491, 36.379726279905846 ], [ 59.514876641530137, 36.380045124381333 ], [ 59.515046618637072, 36.380131671334695 ], [ 59.515336796378506, 36.380143583330835 ], [ 59.51695949294114, 36.381037698222407 ], [ 59.519181000744013, 36.382180524792155 ], [ 59.518527119176312, 36.382987444669503 ], [ 59.518654794282178, 36.383111194721465 ], [ 59.518730620896733, 36.383203220397213 ], [ 59.518794601140584, 36.383301249718571 ], [ 59.518837899223243, 36.383374922178497 ], [ 59.518901147692411, 36.383524731680083 ], [ 59.51892656054055, 36.383612186164406 ], [ 59.518938753880313, 36.383668766966416 ], [ 59.518947937080497, 36.383727158856964 ], [ 59.518956007685539, 36.383834966865138 ], [ 59.518951057199232, 36.38396039378555 ], [ 59.518943854734218, 36.384016286092361 ], [ 59.518916443600553, 36.384140835027324 ], [ 59.51886301770562, 36.384287388652147 ], [ 59.518822173724423, 36.384369559989914 ], [ 59.518729117080419, 36.384513556443338 ], [ 59.518664904975843, 36.384592265970639 ], [ 59.518516668396565, 36.384736142144931 ], [ 59.516343605114557, 36.386991732212287 ], [ 59.515466551157353, 36.387507062683802 ], [ 59.514565070636557, 36.38797259034888 ], [ 59.513373557014766, 36.388463553427137 ], [ 59.502976365709983, 36.392634830708239 ], [ 59.502475127055199, 36.392833068168521 ], [ 59.501480390755432, 36.393234094656812 ], [ 59.500272420042798, 36.393712886061117 ], [ 59.49484859233462, 36.395877940340881 ], [ 59.494173103736124, 36.396163535964199 ], [ 59.490003512482915, 36.398006297269077 ] ] ] } },
{ "type": "Feature", "properties": { "fid": 29, "region": 13, "district": 2 }, "geometry": { "type": "Polygon", "coordinates": [ [ [ 59.622039873057922, 36.303093470128594 ], [ 59.622490034572785, 36.302708786584084 ], [ 59.622926942631864, 36.302455855251765 ], [ 59.623292562688071, 36.302069297120198 ], [ 59.626892032078658, 36.298177866178499 ], [ 59.628379004478575, 36.296703143000933 ], [ 59.628505660214181, 36.296609183144035 ], [ 59.62855768123859, 36.296580992705202 ], [ 59.628621314566153, 36.296554623286156 ], [ 59.628686977539765, 36.296535218307255 ], [ 59.628735775021298, 36.296525325865673 ], [ 59.628780769116396, 36.296519376294086 ], [ 59.628856892373101, 36.29651592867684 ], [ 59.628927403483729, 36.296520051632612 ], [ 59.628988081958518, 36.296529365868842 ], [ 59.628995679239132, 36.296500309606216 ], [ 59.628499083874395, 36.296193550585642 ], [ 59.628605075470411, 36.296079518039583 ], [ 59.616250711461902, 36.288302416630415 ], [ 59.609954614310759, 36.294158985003321 ], [ 59.610039040114401, 36.294284207918714 ], [ 59.610383626782209, 36.294267666809752 ], [ 59.611411634098744, 36.295047332965012 ], [ 59.611561348294082, 36.295139314869147 ], [ 59.622039873057922, 36.303093470128594 ] ] ] } },
{ "type": "Feature", "properties": { "fid": 30, "region": 2, "district": 1 }, "geometry": { "type": "Polygon", "coordinates": [ [ [ 59.591427581428654, 36.343817461976272 ], [ 59.592300857029294, 36.343275775191778 ], [ 59.604608882781712, 36.337861762019635 ], [ 59.604714499744496, 36.337888435165887 ], [ 59.604864962061207, 36.33791542073233 ], [ 59.604998547510959, 36.33792912277989 ], [ 59.60512633305364, 36.33793351225458 ], [ 59.605265625114676, 36.337928686621858 ], [ 59.605433213929096, 36.337909416340402 ], [ 59.605653140321955, 36.337860575421374 ], [ 59.605774577752953, 36.337821064259529 ], [ 59.605898041153374, 36.337770552110314 ], [ 59.607028803493961, 36.337375672405344 ], [ 59.606996477828964, 36.337304961016017 ], [ 59.606982365011049, 36.337209919015919 ], [ 59.606981076789481, 36.337099198090058 ], [ 59.606993075311934, 36.337003428402625 ], [ 59.607023902584004, 36.336889108885593 ], [ 59.60706400647193, 36.336794557058354 ], [ 59.607123216098913, 36.336693707412692 ], [ 59.607250782101538, 36.336543031666857 ], [ 59.607825926538027, 36.336031986003817 ], [ 59.608303143557798, 36.335738909958302 ], [ 59.614215972301082, 36.332777794227766 ], [ 59.614690144547666, 36.332581549202992 ], [ 59.62091278223204, 36.329500826651298 ], [ 59.620959429478972, 36.329371238132936 ], [ 59.621472433578099, 36.329141838664889 ], [ 59.620925868474373, 36.328341581387086 ], [ 59.621903031473728, 36.327918812005336 ], [ 59.623239415607941, 36.326753445239824 ], [ 59.62326949218901, 36.3264691857581 ], [ 59.623819145611499, 36.326281051561892 ], [ 59.623353966015095, 36.325655023806299 ], [ 59.621623353986536, 36.32282130278233 ], [ 59.620497070488547, 36.321178484915485 ], [ 59.618834823922526, 36.318375657333867 ], [ 59.618581377472978, 36.318045292792981 ], [ 59.617104531486518, 36.315658651448729 ], [ 59.617157835220468, 36.315514235898476 ], [ 59.615188680695709, 36.312534171092651 ], [ 59.611904006850807, 36.307173691635917 ], [ 59.609539836102464, 36.303322710447439 ], [ 59.609467130270737, 36.303165105862867 ], [ 59.609497408362103, 36.303091110270721 ], [ 59.607961789297747, 36.300612112167968 ], [ 59.607167115085126, 36.299273801806258 ], [ 59.607747783554302, 36.298777723976414 ], [ 59.607406237590979, 36.298515769103481 ], [ 59.606758129482756, 36.299069461149053 ], [ 59.606575314260837, 36.298929245755716 ], [ 59.606218049857617, 36.299234457675325 ], [ 59.605089286151404, 36.298373892205881 ], [ 59.604310265025383, 36.297779950732028 ], [ 59.604071241227565, 36.297986402854143 ], [ 59.604859289937735, 36.298587229421301 ], [ 59.604619115955799, 36.298810004450587 ], [ 59.60468881452244, 36.298859243588389 ], [ 59.59995038327726, 36.303281347815187 ], [ 59.599879310465695, 36.303263181870868 ], [ 59.599784409648379, 36.303260847840448 ], [ 59.599508131163461, 36.303307072115558 ], [ 59.59943834829734, 36.303337136292214 ], [ 59.599263316931101, 36.303435585676709 ], [ 59.599182930750807, 36.303497890761342 ], [ 59.599053767488442, 36.303629646089782 ], [ 59.599004550456677, 36.303687253347448 ], [ 59.598958850805133, 36.303766657873147 ], [ 59.598903811102872, 36.303912193387198 ], [ 59.598892455641497, 36.303986370599688 ], [ 59.598897368385543, 36.304070280038587 ], [ 59.598949298647483, 36.304207360920671 ], [ 59.594527495483277, 36.308333583629071 ], [ 59.591608328282916, 36.311042009380294 ], [ 59.589457911454566, 36.31264304099998 ], [ 59.587367656761124, 36.314553627122471 ], [ 59.585440787208981, 36.316358718243983 ], [ 59.57857653456977, 36.32264006605832 ], [ 59.578462668048459, 36.322586354970873 ], [ 59.578398302900389, 36.3225615813136 ], [ 59.57824764024793, 36.322517291226092 ], [ 59.578167461716355, 36.322500850326179 ], [ 59.578007604621881, 36.322481648785079 ], [ 59.57780390747461, 36.322484226897082 ], [ 59.577283019041644, 36.322646282642431 ], [ 59.577038875571517, 36.322767660781174 ], [ 59.576972624692232, 36.322811198348155 ], [ 59.576869518296071, 36.322890874307525 ], [ 59.576780149286776, 36.322975027879096 ], [ 59.57663826676648, 36.323154679070626 ], [ 59.576583183963791, 36.323252106797518 ], [ 59.576540448787085, 36.323350836378737 ], [ 59.576517733955882, 36.323419859917131 ], [ 59.576387736753276, 36.323530817311159 ], [ 59.570250110414797, 36.323882741035561 ], [ 59.577946248484658, 36.330941688055063 ], [ 59.585619036423154, 36.338634896682898 ], [ 59.58924129914157, 36.342053337118649 ], [ 59.589688885629059, 36.34244920316786 ], [ 59.589745887617681, 36.342495711689445 ], [ 59.589810740583694, 36.342538497138499 ], [ 59.589932032660649, 36.342597279096104 ], [ 59.590062672494597, 36.342636989284813 ], [ 59.590165263410462, 36.342654045984808 ], [ 59.590264929149313, 36.342659814591769 ], [ 59.590341743544329, 36.342657205794595 ], [ 59.590408518510479, 36.342649899202179 ], [ 59.590544764838327, 36.342707233180306 ], [ 59.590734925534541, 36.342809581016049 ], [ 59.59089797145252, 36.342923369832675 ], [ 59.59102011615483, 36.343029876727059 ], [ 59.591081635584167, 36.34309274819919 ], [ 59.591158605094762, 36.343183054228675 ], [ 59.591245368169616, 36.343306756817711 ], [ 59.591307879751078, 36.343418796831536 ], [ 59.591334159185593, 36.343475220869315 ], [ 59.591381603089587, 36.343602335195861 ], [ 59.59141340637845, 36.343727515894912 ], [ 59.591427581428654, 36.343817461976272 ] ] ] } },
{ "type": "Feature", "properties": { "fid": 31, "region": 2, "district": 2 }, "geometry": { "type": "Polygon", "coordinates": [ [ [ 59.602335909463534, 36.376314082866294 ], [ 59.604675947780265, 36.375298704430094 ], [ 59.606735596886487, 36.374477548611431 ], [ 59.610366009682416, 36.373707057968566 ], [ 59.611790592482009, 36.373103902993989 ], [ 59.613102470619602, 36.371996207366905 ], [ 59.615741318185229, 36.369928614976082 ], [ 59.617697426544325, 36.367776799930319 ], [ 59.617921608853742, 36.367644056439808 ], [ 59.617325055962787, 36.366973831877893 ], [ 59.613161048314709, 36.344434408223243 ], [ 59.612445245619703, 36.343350530142338 ], [ 59.610944585707173, 36.343887798878896 ], [ 59.610752707415692, 36.343920848547512 ], [ 59.61068488075751, 36.343924284345121 ], [ 59.610626430805397, 36.343921409078497 ], [ 59.610563484632749, 36.343912132169528 ], [ 59.610491869273204, 36.343893192134416 ], [ 59.610445992458274, 36.343875772261455 ], [ 59.610370900669125, 36.343836364780465 ], [ 59.610313322639144, 36.343793947264075 ], [ 59.610283596966163, 36.343766073857907 ], [ 59.610240448193871, 36.343714183195473 ], [ 59.608604437607454, 36.340888226581662 ], [ 59.608199807127185, 36.340113579294076 ], [ 59.607028803493961, 36.337375672405344 ], [ 59.605898041153374, 36.337770552110314 ], [ 59.605774577752953, 36.337821064259529 ], [ 59.605653140321955, 36.337860575421374 ], [ 59.605433213929096, 36.337909416340402 ], [ 59.605265625114676, 36.337928686621858 ], [ 59.60512633305364, 36.33793351225458 ], [ 59.604998547510959, 36.33792912277989 ], [ 59.604864962061207, 36.33791542073233 ], [ 59.604714499744496, 36.337888435165887 ], [ 59.604608882781712, 36.337861762019635 ], [ 59.592300857029294, 36.343275775191778 ], [ 59.591427581428654, 36.343817461976272 ], [ 59.591415767458344, 36.344133162289737 ], [ 59.591000789715004, 36.344385507179588 ], [ 59.590639471494612, 36.344240131415631 ], [ 59.589653744492544, 36.344414724855291 ], [ 59.588203324519313, 36.345022979192912 ], [ 59.586177443189804, 36.346085298561675 ], [ 59.585801010676938, 36.346156538589767 ], [ 59.581935653799263, 36.348195921708523 ], [ 59.581327067178442, 36.348659711980055 ], [ 59.578857439455454, 36.349785578027301 ], [ 59.577599807604798, 36.350164224860698 ], [ 59.576324793651992, 36.350353968191321 ], [ 59.574903551670381, 36.350501785859933 ], [ 59.57353500654709, 36.350558325039387 ], [ 59.571816572374949, 36.350478182234845 ], [ 59.571021932658809, 36.350369114641779 ], [ 59.569468905990384, 36.349897829658737 ], [ 59.568152956845324, 36.349520565564696 ], [ 59.56782890155052, 36.349491484172979 ], [ 59.567503364650783, 36.349417369334155 ], [ 59.567301777544309, 36.349385651568014 ], [ 59.566956934043873, 36.34940207821861 ], [ 59.566633765738501, 36.349400010805631 ], [ 59.566129504454324, 36.34931170790415 ], [ 59.565375869645877, 36.349093569557944 ], [ 59.565313658544, 36.349077481696433 ], [ 59.565266107362213, 36.349069950099661 ], [ 59.565207450910115, 36.349065961091505 ], [ 59.565154865384088, 36.349067233051933 ], [ 59.565107395128081, 36.349072348989445 ], [ 59.565046714572155, 36.349084627156124 ], [ 59.564988776693518, 36.349102938072562 ], [ 59.564939606868599, 36.349124298903966 ], [ 59.564891721926777, 36.349151338064715 ], [ 59.564844121866606, 36.349186107597461 ], [ 59.564361828512261, 36.348943137690242 ], [ 59.562032289684083, 36.351436554412707 ], [ 59.566610913042673, 36.356191854098178 ], [ 59.562972958487165, 36.358446074138328 ], [ 59.564313942763356, 36.359850507174862 ], [ 59.564330695248216, 36.360021388645194 ], [ 59.567103022915227, 36.362966448924261 ], [ 59.569228420433554, 36.36257484841164 ], [ 59.571010672554898, 36.362554509965449 ], [ 59.572729555786445, 36.361625230858472 ], [ 59.57521597321194, 36.361670771320348 ], [ 59.576247990508726, 36.36221630609856 ], [ 59.577785846151642, 36.362219165651979 ], [ 59.578291825027136, 36.362018974951326 ], [ 59.58497472711052, 36.361928558207907 ], [ 59.585698706209236, 36.362255362067778 ], [ 59.587591986273161, 36.362223359680314 ], [ 59.589770211267492, 36.362383426205952 ], [ 59.597706179986069, 36.36847480311873 ], [ 59.59774912553334, 36.369095739182427 ], [ 59.599065053580681, 36.370797521059501 ], [ 59.598928241482447, 36.372044240383943 ], [ 59.599219158445756, 36.373083368724778 ], [ 59.602335909463534, 36.376314082866294 ] ] ] } },
{ "type": "Feature", "properties": { "fid": 32, "region": 6, "district": 3 }, "geometry": { "type": "Polygon", "coordinates": [ [ [ 59.690655075133193, 36.256922516076358 ], [ 59.702251941477897, 36.252203782999516 ], [ 59.703625065470163, 36.251621632661909 ], [ 59.690655075133193, 36.256922516076358 ] ] ] } },
{ "type": "Feature", "properties": { "fid": 33, "region": 4, "district": 3 }, "geometry": { "type": "Polygon", "coordinates": [ [ [ 59.679641965731676, 36.327776480599482 ], [ 59.679874751995669, 36.32783757796183 ], [ 59.68563119076979, 36.329235838633224 ], [ 59.686597983414167, 36.329272395559897 ], [ 59.688504108703867, 36.329956709264152 ], [ 59.692135100493516, 36.328242246219894 ], [ 59.699358938483577, 36.32455533636989 ], [ 59.703753636043984, 36.320877998350596 ], [ 59.707668381592029, 36.314606790134576 ], [ 59.690334786829652, 36.308188756872276 ], [ 59.690113986069328, 36.30802960271334 ], [ 59.690059920130928, 36.308087126578286 ], [ 59.689671186042929, 36.307995993040784 ], [ 59.688843096689453, 36.307891924567123 ], [ 59.688655818341978, 36.307850121804002 ], [ 59.688283897169995, 36.307761308141416 ], [ 59.688113064483908, 36.307718456700421 ], [ 59.686809308286271, 36.307365884020875 ], [ 59.686696328495707, 36.307524168939445 ], [ 59.684726173806261, 36.306964940879915 ], [ 59.681794239709994, 36.306011859179954 ], [ 59.680263034873214, 36.305394249421482 ], [ 59.679801052897744, 36.305130674121997 ], [ 59.679468670531534, 36.304968556170252 ], [ 59.679345334159272, 36.304909062964249 ], [ 59.678969670164371, 36.304724024778203 ], [ 59.678587257171714, 36.30455809091027 ], [ 59.677600855718467, 36.304190137197267 ], [ 59.677293329011903, 36.304314191940747 ], [ 59.673671997673047, 36.302935260601636 ], [ 59.672903131494301, 36.302591964296262 ], [ 59.66823299484156, 36.300037717774934 ], [ 59.66688188628838, 36.299313165258518 ], [ 59.664856412859912, 36.298195985870365 ], [ 59.664533241194285, 36.297935422340863 ], [ 59.66366053995722, 36.297439284793001 ], [ 59.663555537191563, 36.297496404889039 ], [ 59.66323236960546, 36.297351250607285 ], [ 59.6628306446759, 36.297218263860771 ], [ 59.662636847080215, 36.297165848767932 ], [ 59.662550462747738, 36.297276887995757 ], [ 59.662192032671697, 36.297360494781358 ], [ 59.661964724685397, 36.296871019327433 ], [ 59.661831635958606, 36.296584432392436 ], [ 59.661555341106968, 36.296644661929164 ], [ 59.661679294538452, 36.296946663198035 ], [ 59.661850221329153, 36.297299531074152 ], [ 59.662067064166337, 36.297678133027162 ], [ 59.662294289002773, 36.298018715328205 ], [ 59.662605994487883, 36.298408776176458 ], [ 59.663603064794238, 36.299541143431874 ], [ 59.664899395222477, 36.301013311830033 ], [ 59.665114051846878, 36.301277094997161 ], [ 59.665246473132846, 36.301477796693113 ], [ 59.665379769521074, 36.301728931851059 ], [ 59.665447701760286, 36.301888977964104 ], [ 59.665498822417511, 36.30203469963697 ], [ 59.665570692883755, 36.30231878221467 ], [ 59.665593995982334, 36.30246542368107 ], [ 59.665607081533146, 36.302596449048274 ], [ 59.665610530536007, 36.302884620393655 ], [ 59.665600039678601, 36.303020997994572 ], [ 59.66558386592822, 36.303143812327278 ], [ 59.665544677563823, 36.303339588396504 ], [ 59.665440942224556, 36.303666623950946 ], [ 59.66538016075021, 36.30380847206736 ], [ 59.665284327873756, 36.303995333897142 ], [ 59.665214015180673, 36.304113196779198 ], [ 59.664963169589932, 36.304452738897645 ], [ 59.664758687949778, 36.304669531941215 ], [ 59.664497100176504, 36.304896488257043 ], [ 59.664339025715009, 36.305012917416306 ], [ 59.663979803016353, 36.305232737321887 ], [ 59.663810007398368, 36.305318568200157 ], [ 59.652906757516924, 36.311816544662847 ], [ 59.652258831232551, 36.311433735097765 ], [ 59.651525974479263, 36.312152983714448 ], [ 59.651498029613116, 36.312186027576821 ], [ 59.65145297239593, 36.312254995906919 ], [ 59.651422915452038, 36.312323546575143 ], [ 59.651399788049048, 36.312476583157334 ], [ 59.651432732384599, 36.31262712879748 ], [ 59.6515181100646, 36.312762973763455 ], [ 59.651646445031616, 36.312871544854538 ], [ 59.651756675746988, 36.312927548123504 ], [ 59.651912038704765, 36.312970678050199 ], [ 59.652058237319544, 36.312981029741728 ], [ 59.652232528636851, 36.312957442604116 ], [ 59.652615937672394, 36.312828939060076 ], [ 59.652653848209624, 36.312903025002896 ], [ 59.653785228893639, 36.31250930938333 ], [ 59.653858869963628, 36.312483681108127 ], [ 59.653926871396422, 36.312477905673283 ], [ 59.653983460385469, 36.312479572161806 ], [ 59.654051003987796, 36.31248938774327 ], [ 59.654125597462276, 36.31251104688036 ], [ 59.654144156527273, 36.312518433111194 ], [ 59.655724433649695, 36.313183699076632 ], [ 59.678075117234521, 36.32708980610434 ], [ 59.678619623106464, 36.327389888718166 ], [ 59.678932599074464, 36.327530401095274 ], [ 59.679262956556627, 36.327656758855561 ], [ 59.679641965731676, 36.327776480599482 ] ] ] } },
{ "type": "Feature", "properties": { "fid": 34, "region": 10, "district": 1 }, "geometry": { "type": "Polygon", "coordinates": [ [ [ 59.504996496240409, 36.359148759047628 ], [ 59.50511504570354, 36.359172308287647 ], [ 59.505388290433594, 36.35920957662298 ], [ 59.505660771131666, 36.359263177168422 ], [ 59.505882146942938, 36.359289952178237 ], [ 59.506053427537807, 36.359339342202261 ], [ 59.506088481079559, 36.359405824132736 ], [ 59.507208045228843, 36.359414024851716 ], [ 59.507851026407295, 36.359485118739094 ], [ 59.509272488102333, 36.359466740743073 ], [ 59.509272577186046, 36.359466738871063 ], [ 59.51192084420142, 36.35945913221628 ], [ 59.512354231463526, 36.359471027062611 ], [ 59.512365593887623, 36.359471336878364 ], [ 59.512413786739501, 36.359549969959453 ], [ 59.512457414192447, 36.359600013120648 ], [ 59.512531950021007, 36.359668067828565 ], [ 59.512657411256647, 36.359743104745377 ], [ 59.512818577015096, 36.359802755179196 ], [ 59.512933575266132, 36.359788970877723 ], [ 59.513012431129532, 36.359779517075182 ], [ 59.513118700036742, 36.359766777031446 ], [ 59.513231692360357, 36.359753232943198 ], [ 59.513408067055316, 36.359669552707764 ], [ 59.513504159670134, 36.359595643923242 ], [ 59.513584027991612, 36.359508161721884 ], [ 59.513623621328733, 36.35946466977024 ], [ 59.513648106544359, 36.359445093164588 ], [ 59.513682316164456, 36.359433583797113 ], [ 59.514266010657273, 36.359416356921429 ], [ 59.515419035683394, 36.359374265028279 ], [ 59.516819334194636, 36.359400958994854 ], [ 59.516867938287973, 36.359526113695452 ], [ 59.517403312346666, 36.359554541120133 ], [ 59.517516766656932, 36.35949562004761 ], [ 59.517620789731779, 36.359450643131886 ], [ 59.517799966533801, 36.359390668656729 ], [ 59.517943573419835, 36.359356787050075 ], [ 59.518039485135802, 36.359340607254353 ], [ 59.518224416189831, 36.359323204412711 ], [ 59.518410302254829, 36.359323468751136 ], [ 59.51852300491948, 36.359332272102478 ], [ 59.518779743825888, 36.359377651105746 ], [ 59.519725688273716, 36.359616783679414 ], [ 59.522127091430043, 36.360830849949004 ], [ 59.522691139650462, 36.361092677278812 ], [ 59.523799667578807, 36.361705174304028 ], [ 59.527505918575201, 36.363587377806255 ], [ 59.528153001181103, 36.36392244489749 ], [ 59.529028840695169, 36.364252547071473 ], [ 59.52934439700676, 36.364317527032391 ], [ 59.529403859907958, 36.364301783877494 ], [ 59.530168802549483, 36.364338904568307 ], [ 59.530718121220161, 36.364291494110489 ], [ 59.531405992022826, 36.364185115986238 ], [ 59.531810353614063, 36.364194897048961 ], [ 59.53183094084126, 36.364195395137465 ], [ 59.532215542767027, 36.36420469794222 ], [ 59.532312847107335, 36.364199975560268 ], [ 59.532682147471185, 36.364267448862257 ], [ 59.532965367311768, 36.364348836844968 ], [ 59.533490058048528, 36.36458691943411 ], [ 59.533557212794861, 36.364803783449773 ], [ 59.533940686107329, 36.364849373703699 ], [ 59.53411530204, 36.364962127968184 ], [ 59.534178653945418, 36.364952579087863 ], [ 59.535189655192838, 36.365492196148146 ], [ 59.535802977458445, 36.365244052867126 ], [ 59.536224992229812, 36.364706698984712 ], [ 59.536143445036217, 36.364665788191047 ], [ 59.536844874036696, 36.363742625801699 ], [ 59.536933734873735, 36.363777419706324 ], [ 59.538614299669639, 36.360979411858686 ], [ 59.538730576605964, 36.361027228146327 ], [ 59.538909771146066, 36.360735053380239 ], [ 59.538807129495396, 36.360654605997361 ], [ 59.539497590205187, 36.359491206271684 ], [ 59.53974655406504, 36.359598281236551 ], [ 59.539904680528352, 36.359357750071815 ], [ 59.539437855575187, 36.359157965745503 ], [ 59.54002214828887, 36.358283908575871 ], [ 59.540199155929045, 36.358348771694885 ], [ 59.545779670309102, 36.348926019894868 ], [ 59.546540827484741, 36.349209676989425 ], [ 59.547258490008197, 36.348363813359313 ], [ 59.548640460491306, 36.347694422197236 ], [ 59.550263230074449, 36.346893695901457 ], [ 59.550582863053968, 36.34678772960303 ], [ 59.552089638343531, 36.346530220671987 ], [ 59.552732350854718, 36.346499125596111 ], [ 59.552878241914925, 36.345774321057661 ], [ 59.552716236140917, 36.345741739420554 ], [ 59.55254907003593, 36.345698992432617 ], [ 59.552383045743809, 36.345646786267885 ], [ 59.55215139427753, 36.34555620463513 ], [ 59.551931498954161, 36.345448555359383 ], [ 59.551808277503142, 36.345377576792025 ], [ 59.551652214105275, 36.345274825993798 ], [ 59.551536124664182, 36.345187542114715 ], [ 59.551395690890921, 36.345066958796217 ], [ 59.551255484767182, 36.344931629197426 ], [ 59.549973009790961, 36.343632773134281 ], [ 59.548907783565703, 36.34255889090808 ], [ 59.547996341241358, 36.341606536182461 ], [ 59.547001154795268, 36.341750113013909 ], [ 59.547060309859525, 36.342409681948318 ], [ 59.546906145157529, 36.342776518094546 ], [ 59.546649385054948, 36.343112147747398 ], [ 59.545860386623026, 36.343735679358375 ], [ 59.54463928688866, 36.344465699938091 ], [ 59.544192915691916, 36.344659641661089 ], [ 59.543765558391605, 36.344758314768661 ], [ 59.543243417178658, 36.344827845960133 ], [ 59.541819539269916, 36.34488852366681 ], [ 59.540257023797821, 36.344790676887193 ], [ 59.539925079328157, 36.344860827303918 ], [ 59.539751339302143, 36.344999712826279 ], [ 59.539412077805679, 36.34484469825815 ], [ 59.539297235238536, 36.344738986030031 ], [ 59.537634887861124, 36.3449584039992 ], [ 59.529887454978308, 36.344921139882423 ], [ 59.527896244973114, 36.344923032308571 ], [ 59.525918329521119, 36.344881386726485 ], [ 59.523200539206336, 36.344449258774659 ], [ 59.523079818367165, 36.344505886040032 ], [ 59.522628094595383, 36.34431714680624 ], [ 59.520023406504976, 36.344732649258233 ], [ 59.518258147635869, 36.34492310237848 ], [ 59.514923736904393, 36.344927670001596 ], [ 59.508308412407722, 36.344958691049627 ], [ 59.508179554343712, 36.345045066163813 ], [ 59.507752438604911, 36.344927854938099 ], [ 59.505176702101856, 36.345207234228958 ], [ 59.503294739056777, 36.344886181677317 ], [ 59.500512528195294, 36.344980518304361 ], [ 59.498765756484921, 36.345330044023633 ], [ 59.498771002275419, 36.345566752335202 ], [ 59.498747187059728, 36.345614559068331 ], [ 59.49872816190144, 36.345675451377929 ], [ 59.498721185523301, 36.345724418151036 ], [ 59.498726233267632, 36.345811391999504 ], [ 59.498753092757539, 36.345895395803176 ], [ 59.498780304270106, 36.345944688253141 ], [ 59.49880651538389, 36.345980600420425 ], [ 59.498805112264236, 36.346111925374785 ], [ 59.498225122225591, 36.346075326737072 ], [ 59.498221614770678, 36.346155068305116 ], [ 59.500964257412349, 36.346312914551469 ], [ 59.500966312968963, 36.346950232868068 ], [ 59.501028109773557, 36.347917007398138 ], [ 59.501053176587902, 36.348423792838844 ], [ 59.501271917471001, 36.351131369140056 ], [ 59.50139874608044, 36.353009581872094 ], [ 59.501569917393425, 36.355571832199367 ], [ 59.501663257469922, 36.35610394211978 ], [ 59.50173125762349, 36.356323469809624 ], [ 59.501906008448515, 36.356771006282877 ], [ 59.502038899453247, 36.357079056416325 ], [ 59.502610343894453, 36.35780452662943 ], [ 59.502714998081224, 36.357893544885435 ], [ 59.502879271447604, 36.358048907839162 ], [ 59.503487907478835, 36.358515718980563 ], [ 59.50393261094105, 36.35876150371223 ], [ 59.504339603244681, 36.358935661400707 ], [ 59.504773267818614, 36.359071272743925 ], [ 59.504996496240409, 36.359148759047628 ] ] ] } },
{ "type": "Feature", "properties": { "fid": 35, "region": 3, "district": 1 }, "geometry": { "type": "Polygon", "coordinates": [ [ [ 59.625560673796315, 36.326660068633096 ], [ 59.630679898135078, 36.324152981384358 ], [ 59.632025195101612, 36.323111584088821 ], [ 59.639680737847137, 36.319307865095311 ], [ 59.639399215239223, 36.318184320409408 ], [ 59.63757012618089, 36.313585869913148 ], [ 59.636946196519581, 36.311582245102585 ], [ 59.634067647168621, 36.306841497374116 ], [ 59.634011728766197, 36.30557699718188 ], [ 59.637553441831791, 36.301907256137149 ], [ 59.637015643924592, 36.301568917155393 ], [ 59.637069755271021, 36.301522658868123 ], [ 59.633610738452212, 36.299359746165344 ], [ 59.633314067053817, 36.299267906975771 ], [ 59.629089219097679, 36.296633439121308 ], [ 59.629069109605744, 36.296624890602203 ], [ 59.629056741645137, 36.296620096740661 ], [ 59.629031527552492, 36.296611355006235 ], [ 59.629017859438541, 36.296607165655693 ], [ 59.629001906821863, 36.296602748079351 ], [ 59.628988815309199, 36.296599483352381 ], [ 59.62897078787055, 36.296595511585146 ], [ 59.628988081958518, 36.296529365868842 ], [ 59.628927403483729, 36.296520051632612 ], [ 59.628856892373101, 36.29651592867684 ], [ 59.628780769116396, 36.296519376294086 ], [ 59.628735775021298, 36.296525325865673 ], [ 59.628686977539765, 36.296535218307255 ], [ 59.628621314566153, 36.296554623286156 ], [ 59.62855768123859, 36.296580992705202 ], [ 59.628505660214181, 36.296609183144035 ], [ 59.628379004478575, 36.296703143000933 ], [ 59.626892032078658, 36.298177866178499 ], [ 59.623292562688071, 36.302069297120198 ], [ 59.622926942631864, 36.302455855251765 ], [ 59.622490034572785, 36.302708786584084 ], [ 59.622039873057922, 36.303093470128594 ], [ 59.611561348294082, 36.295139314869147 ], [ 59.611411634098744, 36.295047332965012 ], [ 59.610383626782209, 36.294267666809752 ], [ 59.610039040114401, 36.294284207918714 ], [ 59.609954614310759, 36.294158985003321 ], [ 59.609870187643502, 36.294033761138593 ], [ 59.60939471908754, 36.294477874373996 ], [ 59.606464748989211, 36.297219570004714 ], [ 59.607580681459531, 36.298070340888287 ], [ 59.607223423766669, 36.298375555561776 ], [ 59.607406237590979, 36.298515769103481 ], [ 59.607747783554302, 36.298777723976414 ], [ 59.607167115085126, 36.299273801806258 ], [ 59.607961789297747, 36.300612112167968 ], [ 59.609497408362103, 36.303091110270721 ], [ 59.609467130270737, 36.303165105862867 ], [ 59.609539836102464, 36.303322710447439 ], [ 59.611904006850807, 36.307173691635917 ], [ 59.615188680695709, 36.312534171092651 ], [ 59.617157835220468, 36.315514235898476 ], [ 59.617104531486518, 36.315658651448729 ], [ 59.618581377472978, 36.318045292792981 ], [ 59.618834823922526, 36.318375657333867 ], [ 59.620497070488547, 36.321178484915485 ], [ 59.621623353986536, 36.32282130278233 ], [ 59.623353966015095, 36.325655023806299 ], [ 59.623432509498109, 36.325637970103287 ], [ 59.623510623910207, 36.325624063964675 ], [ 59.62358126906085, 36.32561403683345 ], [ 59.623662739206573, 36.325605375230829 ], [ 59.623664741596365, 36.325605236615338 ], [ 59.623737163405472, 36.325600229146374 ], [ 59.623822354156424, 36.325597428624604 ], [ 59.623922215633499, 36.325598378563498 ], [ 59.624057886857578, 36.325607010884937 ], [ 59.6241330217388, 36.325615478712038 ], [ 59.624184497952434, 36.325622827773934 ], [ 59.624377038144594, 36.325661869822078 ], [ 59.624580600881941, 36.325724486980654 ], [ 59.624791579929266, 36.325816121838521 ], [ 59.62493634750404, 36.325898049280184 ], [ 59.625126363528359, 36.326036368072685 ], [ 59.625229081626415, 36.32613076713816 ], [ 59.62535634747757, 36.326276348111406 ], [ 59.625449039437989, 36.326414134125201 ], [ 59.625501405159632, 36.326512658014479 ], [ 59.625560673796315, 36.326660068633096 ] ] ] } },
{ "type": "Feature", "properties": { "fid": 36, "region": 6, "district": 3 }, "geometry": { "type": "Polygon", "coordinates": [ [ [ 59.713492652647474, 36.254729975149296 ], [ 59.715636874521188, 36.254728572079671 ], [ 59.716260866753203, 36.254605770947229 ], [ 59.717474273492172, 36.254469182384703 ], [ 59.72002587137824, 36.253538718153095 ], [ 59.720889485307367, 36.252667501602218 ], [ 59.721514743463572, 36.251458291736185 ], [ 59.721665891720072, 36.250921496164175 ], [ 59.721648581392827, 36.250205396951699 ], [ 59.721653285790275, 36.250015461691831 ], [ 59.721631547139729, 36.249932510949328 ], [ 59.721632134273925, 36.249906850754826 ], [ 59.72173403264091, 36.249895541637827 ], [ 59.721727163924911, 36.249849593766427 ], [ 59.721687498498291, 36.249853486334267 ], [ 59.721666103939469, 36.249774678912061 ], [ 59.72161509833402, 36.249684249032484 ], [ 59.721450016480361, 36.249581813357565 ], [ 59.721353413239925, 36.249509000808594 ], [ 59.721209715507783, 36.249395279201224 ], [ 59.721151379961029, 36.249359737076354 ], [ 59.721076607847934, 36.249312899704478 ], [ 59.721010748756207, 36.249284675669479 ], [ 59.720976410808056, 36.249272462182461 ], [ 59.720777131908029, 36.24925387203006 ], [ 59.720825191436852, 36.249164453077007 ], [ 59.721241171914016, 36.248753769937011 ], [ 59.720897643660322, 36.248525477819591 ], [ 59.720435625032202, 36.248846704111315 ], [ 59.720283789456026, 36.248110766731635 ], [ 59.720127462688161, 36.24751850921642 ], [ 59.720466133125285, 36.246369237959833 ], [ 59.720567692992603, 36.245932632759938 ], [ 59.720574304717005, 36.245389631074652 ], [ 59.720720841365306, 36.245107506382332 ], [ 59.720692019253846, 36.244414927733274 ], [ 59.719827335699939, 36.243221676845188 ], [ 59.719515702472435, 36.242860335591097 ], [ 59.719091909850995, 36.242222587885223 ], [ 59.718822271483646, 36.241685942642427 ], [ 59.718632425809361, 36.241452960893376 ], [ 59.718562420344767, 36.241413700985653 ], [ 59.71832442090237, 36.24119631033215 ], [ 59.717991891932527, 36.241043481750722 ], [ 59.717424341779335, 36.240227449695318 ], [ 59.716873791495743, 36.239175873944752 ], [ 59.716505849770456, 36.238720614454124 ], [ 59.715914244536258, 36.238079623857793 ], [ 59.715751585864808, 36.237875164120375 ], [ 59.715097862153037, 36.237022843410706 ], [ 59.714894383314316, 36.237152266852583 ], [ 59.71349343460335, 36.237868413088989 ], [ 59.71304753691409, 36.237265770709293 ], [ 59.711793445570713, 36.238233132248951 ], [ 59.709673079096582, 36.239560452120678 ], [ 59.70975973350756, 36.239871226201721 ], [ 59.708737743482729, 36.240404272605176 ], [ 59.709542717945368, 36.241556784746088 ], [ 59.710115431280073, 36.241246416894079 ], [ 59.71117237949295, 36.242234149321234 ], [ 59.712183755274751, 36.24334135621563 ], [ 59.712656563153089, 36.243995375243088 ], [ 59.713428085762864, 36.245006742034434 ], [ 59.714230521094024, 36.246206363940921 ], [ 59.712700505993482, 36.246866479313994 ], [ 59.713251162130206, 36.247687682424626 ], [ 59.705114715018659, 36.250990055888387 ], [ 59.703625065470163, 36.251621632661909 ], [ 59.704947493021074, 36.251079384127195 ], [ 59.705010391723569, 36.251207288672106 ], [ 59.706587699005063, 36.251329458433041 ], [ 59.708204920144901, 36.252394325612912 ], [ 59.708993956153478, 36.251667803638661 ], [ 59.710334347847926, 36.252988781765879 ], [ 59.710399323934098, 36.253204010574308 ], [ 59.711191576537765, 36.253660059195305 ], [ 59.711935171151303, 36.254082379289834 ], [ 59.712224744452655, 36.254284155643354 ], [ 59.712341590320356, 36.254365572924023 ], [ 59.712648530505795, 36.254490934592056 ], [ 59.713492652647474, 36.254729975149296 ] ] ] } },
{ "type": "Feature", "properties": { "fid": 37, "region": 11, "district": 2 }, "geometry": { "type": "Polygon", "coordinates": [ [ [ 59.465825053107629, 36.350260403585835 ], [ 59.465980935465289, 36.35027728187201 ], [ 59.466108287417597, 36.350269207419487 ], [ 59.466209595594663, 36.350248251336687 ], [ 59.466325314221528, 36.350206246240184 ], [ 59.466431997403326, 36.350145622200721 ], [ 59.466515125781918, 36.350076777183553 ], [ 59.469082853441684, 36.347770491328276 ], [ 59.470878950821721, 36.346786988562705 ], [ 59.47303867516252, 36.346381769871826 ], [ 59.483835386181092, 36.346410071878616 ], [ 59.489427129706598, 36.346374760843332 ], [ 59.497091845558643, 36.345664963179722 ], [ 59.498765756484921, 36.345330044023633 ], [ 59.500512528195294, 36.344980518304361 ], [ 59.503294739056777, 36.344886181677317 ], [ 59.505176702101856, 36.345207234228958 ], [ 59.507752438604911, 36.344927854938099 ], [ 59.508179554343712, 36.345045066163813 ], [ 59.508308412407722, 36.344958691049627 ], [ 59.514923736904393, 36.344927670001596 ], [ 59.5145318516713, 36.342956078173899 ], [ 59.514526595372708, 36.342928783555237 ], [ 59.514589585635257, 36.342730458673245 ], [ 59.514225904291607, 36.341243877567315 ], [ 59.514171988566105, 36.340625700810229 ], [ 59.514035255313594, 36.340389739200738 ], [ 59.514017689666041, 36.34034381456997 ], [ 59.513974948428192, 36.340197332005353 ], [ 59.513958551239732, 36.340143674999375 ], [ 59.513934077639981, 36.34005274960937 ], [ 59.513855021823566, 36.339782237956186 ], [ 59.513800471540591, 36.339584826325911 ], [ 59.513742775651046, 36.339369747226392 ], [ 59.513690060788136, 36.339173236932361 ], [ 59.513629072389001, 36.338971421830948 ], [ 59.513590046751467, 36.338835260779369 ], [ 59.513515251230913, 36.338549916868359 ], [ 59.513482424707853, 36.338427697037424 ], [ 59.513445900824507, 36.338280559721611 ], [ 59.513286278642525, 36.337673368887863 ], [ 59.513145707365688, 36.337171815556616 ], [ 59.513109074449815, 36.337039646191933 ], [ 59.513076244137103, 36.336925720790319 ], [ 59.512998782404544, 36.33665530999648 ], [ 59.512915239088429, 36.336373325724281 ], [ 59.512811866197474, 36.335959577240004 ], [ 59.512630563569985, 36.335275180386112 ], [ 59.512450776604716, 36.334602863604438 ], [ 59.512294211506912, 36.334044667939501 ], [ 59.51225574254461, 36.333869883570401 ], [ 59.512099246324297, 36.333270183775781 ], [ 59.512041604688676, 36.333108724244397 ], [ 59.511947593882169, 36.332751071064898 ], [ 59.511939826905881, 36.332604091691394 ], [ 59.511875042452957, 36.332463847975774 ], [ 59.51185391667989, 36.332396421952822 ], [ 59.511817674066997, 36.332292861388765 ], [ 59.511797911794083, 36.332237675858806 ], [ 59.511796603369127, 36.332197947735068 ], [ 59.511767938116961, 36.332029238015025 ], [ 59.511708343977226, 36.331849591755685 ], [ 59.511687527293603, 36.331844873244279 ], [ 59.511639427006912, 36.331708447871961 ], [ 59.511678382822126, 36.331692509678767 ], [ 59.511599736301804, 36.331522896902662 ], [ 59.511492519039642, 36.331276505949432 ], [ 59.511284419920585, 36.330807647575703 ], [ 59.511228362887699, 36.330646090228015 ], [ 59.510991765256811, 36.330166753601674 ], [ 59.510924457549933, 36.330015344011663 ], [ 59.510762037989856, 36.329673096606015 ], [ 59.510520935267529, 36.32917606131263 ], [ 59.510346063507349, 36.328804538048502 ], [ 59.510183642543439, 36.328465966979728 ], [ 59.510169266091538, 36.328470411399607 ], [ 59.510139089221397, 36.328405713212462 ], [ 59.510130457554524, 36.328408615578944 ], [ 59.510012006831765, 36.328157131596129 ], [ 59.509964724509743, 36.328014992078074 ], [ 59.509900101582041, 36.327889603161196 ], [ 59.509846269464447, 36.327774755122981 ], [ 59.509633651583023, 36.327326750250009 ], [ 59.509528043561311, 36.327101720776064 ], [ 59.509420318606068, 36.326846413725839 ], [ 59.509126574453546, 36.326234272856389 ], [ 59.509063937138677, 36.326060310185149 ], [ 59.509206573388035, 36.325455093219922 ], [ 59.509100764921662, 36.325238062756618 ], [ 59.501961889854385, 36.327469157777685 ], [ 59.461241377537043, 36.340184997951482 ], [ 59.461126435237205, 36.340709191953543 ], [ 59.461108863539778, 36.340792246801826 ], [ 59.461016695402975, 36.34120688335954 ], [ 59.460972920024773, 36.34149232455907 ], [ 59.461109056685117, 36.341976449366825 ], [ 59.46149122642133, 36.342787782383162 ], [ 59.461688761193102, 36.343200864634262 ], [ 59.462132772458403, 36.344103809613145 ], [ 59.4638524102959, 36.347608125414233 ], [ 59.464498077029511, 36.348297809925306 ], [ 59.465305549843414, 36.34952492730207 ], [ 59.465398266518207, 36.349991683923037 ], [ 59.465418792312683, 36.350020164600274 ], [ 59.465495858564566, 36.350101812366113 ], [ 59.465569708858162, 36.350157449412279 ], [ 59.465697094007503, 36.350222539739043 ], [ 59.465825053107629, 36.350260403585835 ] ] ] } },
{ "type": "Feature", "properties": { "fid": 38, "region": 10, "district": 2 }, "geometry": { "type": "Polygon", "coordinates": [ [ [ 59.504015115765, 36.373621987313555 ], [ 59.504346004230698, 36.373554983060764 ], [ 59.504658361231698, 36.373175879201114 ], [ 59.50807580955005, 36.368886146993667 ], [ 59.508409770098943, 36.368527632015535 ], [ 59.508693539164994, 36.368341413979032 ], [ 59.511241262221155, 36.36508831332948 ], [ 59.511518930053256, 36.364712948319017 ], [ 59.511819159404162, 36.36434611997776 ], [ 59.51225214770173, 36.363949461138489 ], [ 59.512918698108727, 36.363538870979603 ], [ 59.513830232263928, 36.363123120694844 ], [ 59.514048892612543, 36.362992337856873 ], [ 59.514331468391653, 36.36277008078941 ], [ 59.514611722928286, 36.362475769578189 ], [ 59.514581376738313, 36.362432208987514 ], [ 59.514553170202028, 36.362388305005801 ], [ 59.514526253511733, 36.362339467286965 ], [ 59.514511323238068, 36.362288708876072 ], [ 59.514497932354516, 36.362225295621741 ], [ 59.514495927818828, 36.36218687661944 ], [ 59.514500192672401, 36.362126619170333 ], [ 59.514724474543378, 36.361824473602731 ], [ 59.514776462901608, 36.361796415115883 ], [ 59.514822898340086, 36.361776242589251 ], [ 59.514878591716666, 36.361757250411948 ], [ 59.51494014296356, 36.361742095955144 ], [ 59.514999078479661, 36.361732813420474 ], [ 59.51506900815486, 36.361728036412579 ], [ 59.515178429069998, 36.361733797169386 ], [ 59.515222394236112, 36.361714846384416 ], [ 59.516741567608001, 36.359754097147118 ], [ 59.516867938287973, 36.359526113695452 ], [ 59.516819334194636, 36.359400958994854 ], [ 59.515419035683394, 36.359374265028279 ], [ 59.514266010657273, 36.359416356921429 ], [ 59.513682316164456, 36.359433583797113 ], [ 59.513648106544359, 36.359445093164588 ], [ 59.513623621328733, 36.35946466977024 ], [ 59.513584027991612, 36.359508161721884 ], [ 59.513504159670134, 36.359595643923242 ], [ 59.513408067055316, 36.359669552707764 ], [ 59.513231692360357, 36.359753232943198 ], [ 59.513118700036742, 36.359766777031446 ], [ 59.513012431129532, 36.359779517075182 ], [ 59.512933575266132, 36.359788970877723 ], [ 59.512818577015096, 36.359802755179196 ], [ 59.512657411256647, 36.359743104745377 ], [ 59.512531950021007, 36.359668067828565 ], [ 59.512457414192447, 36.359600013120648 ], [ 59.512413786739501, 36.359549969959453 ], [ 59.512365593887623, 36.359471336878364 ], [ 59.512354231463526, 36.359471027062611 ], [ 59.51192084420142, 36.35945913221628 ], [ 59.509272577186046, 36.359466738871063 ], [ 59.509272488102333, 36.359466740743073 ], [ 59.507851026407295, 36.359485118739094 ], [ 59.507208045228843, 36.359414024851716 ], [ 59.506088481079559, 36.359405824132736 ], [ 59.506053427537807, 36.359339342202261 ], [ 59.505882146942938, 36.359289952178237 ], [ 59.505660771131666, 36.359263177168422 ], [ 59.505388290433594, 36.35920957662298 ], [ 59.50511504570354, 36.359172308287647 ], [ 59.504996496240409, 36.359148759047628 ], [ 59.504773267818614, 36.359071272743925 ], [ 59.504339603244681, 36.358935661400707 ], [ 59.50393261094105, 36.35876150371223 ], [ 59.503487907478835, 36.358515718980563 ], [ 59.502879271447604, 36.358048907839162 ], [ 59.502714998081224, 36.357893544885435 ], [ 59.502610343894453, 36.35780452662943 ], [ 59.502038899453247, 36.357079056416325 ], [ 59.501906008448515, 36.356771006282877 ], [ 59.50173125762349, 36.356323469809624 ], [ 59.501663257469922, 36.35610394211978 ], [ 59.501569917393425, 36.355571832199367 ], [ 59.50139874608044, 36.353009581872094 ], [ 59.501271917471001, 36.351131369140056 ], [ 59.501053176587902, 36.348423792838844 ], [ 59.501028109773557, 36.347917007398138 ], [ 59.500966312968963, 36.346950232868068 ], [ 59.500964257412349, 36.346312914551469 ], [ 59.498221614770678, 36.346155068305116 ], [ 59.498225122225591, 36.346075326737072 ], [ 59.498805112264236, 36.346111925374785 ], [ 59.49880651538389, 36.345980600420425 ], [ 59.498780304270106, 36.345944688253141 ], [ 59.498753092757539, 36.345895395803176 ], [ 59.498726233267632, 36.345811391999504 ], [ 59.498721185523301, 36.345724418151036 ], [ 59.49872816190144, 36.345675451377929 ], [ 59.498747187059728, 36.345614559068331 ], [ 59.498771002275419, 36.345566752335202 ], [ 59.498765756484921, 36.345330044023633 ], [ 59.497091845558643, 36.345664963179722 ], [ 59.489427129706598, 36.346374760843332 ], [ 59.483835386181092, 36.346410071878616 ], [ 59.47303867516252, 36.346381769871826 ], [ 59.470878950821721, 36.346786988562705 ], [ 59.469082853441684, 36.347770491328276 ], [ 59.466515125781918, 36.350076777183553 ], [ 59.466431997403326, 36.350145622200721 ], [ 59.466325314221528, 36.350206246240184 ], [ 59.466209595594663, 36.350248251336687 ], [ 59.466168325556822, 36.350258425646047 ], [ 59.466947490269952, 36.350902457379213 ], [ 59.466866048048466, 36.351427303944412 ], [ 59.467286847489717, 36.352272236887671 ], [ 59.470357413116908, 36.354545643704029 ], [ 59.470405664898252, 36.354576682775594 ], [ 59.470429754325046, 36.354577022634501 ], [ 59.472409562039111, 36.355552234285504 ], [ 59.474040113632057, 36.356307973386748 ], [ 59.476424025132971, 36.357486688759707 ], [ 59.477251505827134, 36.357891941159934 ], [ 59.477777568254197, 36.358174352692764 ], [ 59.478939517450719, 36.358833330082746 ], [ 59.479433301074273, 36.359135369031009 ], [ 59.480091061999424, 36.35916872530558 ], [ 59.480495831983028, 36.359485065129782 ], [ 59.480983514735087, 36.359402830681645 ], [ 59.481022091105764, 36.359915762767386 ], [ 59.483155442676377, 36.361037262372498 ], [ 59.486219816132213, 36.361959865378992 ], [ 59.487299594097585, 36.362489025211005 ], [ 59.488605207964596, 36.363245939568628 ], [ 59.490076315249709, 36.364199299237697 ], [ 59.49076292183296, 36.364544712863143 ], [ 59.491548827809346, 36.365014064360892 ], [ 59.496297428211619, 36.367972300549532 ], [ 59.501563171566168, 36.371592015956317 ], [ 59.501703866063302, 36.371750709224756 ], [ 59.50219462842351, 36.372115423880601 ], [ 59.502439815983173, 36.372259310134901 ], [ 59.503139978193886, 36.372676132918663 ], [ 59.504052805546898, 36.373337290748289 ], [ 59.503903930965301, 36.373512587395233 ], [ 59.504014934015103, 36.373621810869295 ], [ 59.504015115765, 36.373621987313555 ] ] ] } },
{ "type": "Feature", "properties": { "fid": 39, "region": 12, "district": 2 }, "geometry": { "type": "Polygon", "coordinates": [ [ [ 59.48124719008662, 36.402064154331072 ], [ 59.483495075144845, 36.400530287844333 ], [ 59.490003512482915, 36.398006297269077 ], [ 59.494173103736124, 36.396163535964199 ], [ 59.49484859233462, 36.395877940340881 ], [ 59.500272420042798, 36.393712886061117 ], [ 59.501480390755432, 36.393234094656812 ], [ 59.502475127055199, 36.392833068168521 ], [ 59.502976365709983, 36.392634830708239 ], [ 59.513373557014766, 36.388463553427137 ], [ 59.514565070636557, 36.38797259034888 ], [ 59.515466551157353, 36.387507062683802 ], [ 59.516343605114557, 36.386991732212287 ], [ 59.518516668396565, 36.384736142144931 ], [ 59.518664904975843, 36.384592265970639 ], [ 59.518729117080419, 36.384513556443338 ], [ 59.518822173724423, 36.384369559989914 ], [ 59.51886301770562, 36.384287388652147 ], [ 59.518916443600553, 36.384140835027324 ], [ 59.518943854734218, 36.384016286092361 ], [ 59.518951057199232, 36.38396039378555 ], [ 59.518956007685539, 36.383834966865138 ], [ 59.518947937080497, 36.383727158856964 ], [ 59.518938753880313, 36.383668766966416 ], [ 59.51892656054055, 36.383612186164406 ], [ 59.518901147692411, 36.383524731680083 ], [ 59.518837899223243, 36.383374922178497 ], [ 59.518794601140584, 36.383301249718571 ], [ 59.518730620896733, 36.383203220397213 ], [ 59.518654794282178, 36.383111194721465 ], [ 59.518527119176312, 36.382987444669503 ], [ 59.519181000744013, 36.382180524792155 ], [ 59.51695949294114, 36.381037698222407 ], [ 59.515336796378506, 36.380143583330835 ], [ 59.515046618637072, 36.380131671334695 ], [ 59.514876641530137, 36.380045124381333 ], [ 59.514610014485491, 36.379726279905846 ], [ 59.513680431521649, 36.379241140794541 ], [ 59.512640347759984, 36.378785359156602 ], [ 59.51158321535528, 36.378492155175259 ], [ 59.509984220809052, 36.377985017210989 ], [ 59.509829735250761, 36.378033328078459 ], [ 59.509199342845513, 36.377839284898393 ], [ 59.509173013841618, 36.377713659205263 ], [ 59.508486019227696, 36.377285333574918 ], [ 59.507408054345596, 36.376578790912909 ], [ 59.506705333345415, 36.37605438130462 ], [ 59.506222815270043, 36.375629213942091 ], [ 59.504964958526521, 36.374395188177076 ], [ 59.504843600432025, 36.374433785570922 ], [ 59.504015115765, 36.373621987313555 ], [ 59.504014934015103, 36.373621810869295 ], [ 59.503903930965301, 36.373512587395233 ], [ 59.504052805546898, 36.373337290748289 ], [ 59.503139978193886, 36.372676132918663 ], [ 59.502439815983173, 36.372259310134901 ], [ 59.50219462842351, 36.372115423880601 ], [ 59.501703866063302, 36.371750709224756 ], [ 59.501563171566168, 36.371592015956317 ], [ 59.496297428211619, 36.367972300549532 ], [ 59.491548827809346, 36.365014064360892 ], [ 59.490389354698578, 36.365756348637255 ], [ 59.487377286085945, 36.367684521832238 ], [ 59.485556598109056, 36.368849949900387 ], [ 59.484792465381716, 36.369291322420175 ], [ 59.483766178249972, 36.369809356245206 ], [ 59.483433585511115, 36.369958569433756 ], [ 59.483238587382722, 36.370046050840699 ], [ 59.483039819069596, 36.370127483404218 ], [ 59.482840831949112, 36.370208566888849 ], [ 59.482414235449525, 36.370372049004047 ], [ 59.481575419877402, 36.370660178155127 ], [ 59.480581904119205, 36.370951676078064 ], [ 59.479379851476814, 36.371329445910888 ], [ 59.47910468059856, 36.371444927403239 ], [ 59.478315120059314, 36.37185364521342 ], [ 59.478137234304306, 36.371963883019689 ], [ 59.477854352567796, 36.372159261216666 ], [ 59.477652952167304, 36.372175936216728 ], [ 59.476875959739814, 36.37274403864923 ], [ 59.476294904662083, 36.373200031690338 ], [ 59.475679587971221, 36.373682267670276 ], [ 59.475552178097345, 36.373952050785007 ], [ 59.475076393806646, 36.374261635068684 ], [ 59.474649432548972, 36.374479919188246 ], [ 59.474265606927794, 36.374655343083475 ], [ 59.474125416557925, 36.374712638222952 ], [ 59.47373612224731, 36.374854340376395 ], [ 59.473330727004971, 36.374976512273832 ], [ 59.472123211061543, 36.375302331057398 ], [ 59.470197357568445, 36.375834533937024 ], [ 59.468989427490733, 36.376257437369311 ], [ 59.468050746327044, 36.376649396370823 ], [ 59.467249156275422, 36.377033941107001 ], [ 59.465418195660668, 36.378056482295996 ], [ 59.462498928239029, 36.379721963062636 ], [ 59.461190044520428, 36.380468651077528 ], [ 59.450047758018897, 36.388609712697765 ], [ 59.468197205879825, 36.395196554423315 ], [ 59.46833352994112, 36.398095873248039 ], [ 59.470356381392534, 36.398252306647883 ], [ 59.471333652559295, 36.398835937157564 ], [ 59.474018726000956, 36.398780314429857 ], [ 59.476718067705932, 36.398471974131617 ], [ 59.477850540386669, 36.399728291846152 ], [ 59.479974682274211, 36.401315497607307 ], [ 59.48124719008662, 36.402064154331072 ] ] ] } },
{ "type": "Feature", "properties": { "fid": 40, "region": 6, "district": 2 }, "geometry": { "type": "Polygon", "coordinates": [ [ [ 59.657854675393807, 36.270170136682097 ], [ 59.660035570267247, 36.269259885243883 ], [ 59.66036520704202, 36.269146741177138 ], [ 59.684565990578491, 36.259390091881187 ], [ 59.690655075133193, 36.256922516076358 ], [ 59.690372079338282, 36.25649831341758 ], [ 59.693521424483883, 36.25498451920722 ], [ 59.693586038112265, 36.254327654936567 ], [ 59.682455199856861, 36.246049966015669 ], [ 59.679588117864654, 36.24811072913689 ], [ 59.677096980052667, 36.249392241822974 ], [ 59.667310332784403, 36.243879940632141 ], [ 59.662064563075397, 36.250096872039933 ], [ 59.652391332560278, 36.24565116196554 ], [ 59.651967424254693, 36.24527438178184 ], [ 59.645119846800732, 36.254704389790881 ], [ 59.644920425514563, 36.25506029578051 ], [ 59.643218598941722, 36.257418732181904 ], [ 59.641787995150473, 36.258421897116499 ], [ 59.639707523928834, 36.257670337851913 ], [ 59.639674417489928, 36.25743168104502 ], [ 59.639137981548174, 36.257329269872493 ], [ 59.639026731908132, 36.257389442235151 ], [ 59.634212137636666, 36.255681422403931 ], [ 59.624646041100682, 36.257401270571208 ], [ 59.625465929985566, 36.257641671638446 ], [ 59.625982835433355, 36.257685638781858 ], [ 59.626544849822444, 36.257733437884205 ], [ 59.627089272856409, 36.25776982874946 ], [ 59.627789282756481, 36.257816614190432 ], [ 59.628652940355131, 36.257844292333779 ], [ 59.629540608370846, 36.257861347230616 ], [ 59.630500932218098, 36.257879787947935 ], [ 59.631241533092833, 36.257931999318316 ], [ 59.631569890306608, 36.257955145368555 ], [ 59.632074673065226, 36.257990727765048 ], [ 59.632470158950191, 36.258018602890026 ], [ 59.633246164143557, 36.258073296353274 ], [ 59.634248769308975, 36.25814395013635 ], [ 59.63424891215903, 36.258143962309781 ], [ 59.635724804117586, 36.258248847340617 ], [ 59.636617958996801, 36.258312311320935 ], [ 59.639229819904976, 36.258497861218878 ], [ 59.641488421399153, 36.258690773236218 ], [ 59.642507306548396, 36.258777782699866 ], [ 59.644138773240861, 36.258917086815536 ], [ 59.646597002172747, 36.25916227055388 ], [ 59.647707540380395, 36.259898845836226 ], [ 59.648534131573676, 36.260395170783561 ], [ 59.649627059966924, 36.261004641128082 ], [ 59.651883465456059, 36.263040598557929 ], [ 59.65475915166062, 36.266442000746181 ], [ 59.657854675393807, 36.270170136682097 ] ] ] } },
{ "type": "Feature", "properties": { "fid": 41, "region": 5, "district": 1 }, "geometry": { "type": "Polygon", "coordinates": [ [ [ 59.658191411193329, 36.288640876839565 ], [ 59.660026200029812, 36.287843800049238 ], [ 59.661624499651374, 36.287336000238838 ], [ 59.666971300070387, 36.285680199920307 ], [ 59.667666199943163, 36.285251600583649 ], [ 59.670864399984019, 36.283743699987426 ], [ 59.672062967326831, 36.283001543482996 ], [ 59.67196754930437, 36.282581363007338 ], [ 59.660035570267347, 36.269259885243969 ], [ 59.657854675393921, 36.270170136682104 ], [ 59.656609993525954, 36.27068961000532 ], [ 59.641580281999346, 36.276721444704776 ], [ 59.640081219454821, 36.27691274379174 ], [ 59.634839353529941, 36.278916677233511 ], [ 59.634457973798042, 36.279013849847615 ], [ 59.629573120247862, 36.28014005489046 ], [ 59.626873284970394, 36.280781912436964 ], [ 59.624406115463586, 36.281269822866207 ], [ 59.624400660023049, 36.281310563645839 ], [ 59.624392032548286, 36.28134600163753 ], [ 59.624382812272053, 36.281373314212324 ], [ 59.624367486681287, 36.281408345920347 ], [ 59.624350374331677, 36.281439353055191 ], [ 59.624329395290808, 36.281470572180247 ], [ 59.624316180760708, 36.28148761060676 ], [ 59.624299363553718, 36.28150709306999 ], [ 59.624284401449621, 36.28152273865954 ], [ 59.624251979457739, 36.281552339831876 ], [ 59.624234436721601, 36.281566347704654 ], [ 59.624213529883413, 36.281581514573304 ], [ 59.624190780180669, 36.281596365004766 ], [ 59.624156589704263, 36.281615875654907 ], [ 59.624156620043017, 36.281615917348297 ], [ 59.625412622148687, 36.283276421168985 ], [ 59.626913961626563, 36.284892743190085 ], [ 59.628236357564191, 36.285819005812584 ], [ 59.629543729950228, 36.28662842288162 ], [ 59.629945168013087, 36.286980094213682 ], [ 59.630188215730534, 36.287587601822509 ], [ 59.630812677682364, 36.291926959772979 ], [ 59.630834452238751, 36.292487401578278 ], [ 59.630975238845132, 36.292587856902919 ], [ 59.633557625132539, 36.289894844736935 ], [ 59.634461017956561, 36.289401179143752 ], [ 59.634637985864302, 36.289378772637399 ], [ 59.639278838449265, 36.290585152605054 ], [ 59.639798487895213, 36.290817621686365 ], [ 59.639885391474117, 36.290915723791841 ], [ 59.640032439833234, 36.290984577704251 ], [ 59.640197183031539, 36.290917847593555 ], [ 59.640421497417258, 36.290966966719573 ], [ 59.640565204817719, 36.290936755914686 ], [ 59.641359909005132, 36.291063393175371 ], [ 59.641566058000649, 36.291143111143576 ], [ 59.641852851570171, 36.291295452989736 ], [ 59.64186564019402, 36.291279356707619 ], [ 59.642928075949015, 36.291822926298373 ], [ 59.64588927695209, 36.293675658263915 ], [ 59.646578699230098, 36.292965329887522 ], [ 59.646579202794747, 36.292964813127014 ], [ 59.647945007915709, 36.291557540009933 ], [ 59.647958206063706, 36.291546578414057 ], [ 59.648324013023917, 36.291242710235963 ], [ 59.648509170526218, 36.291121441617868 ], [ 59.648826603112703, 36.290961193740486 ], [ 59.648865824670622, 36.290951600078294 ], [ 59.648922232534069, 36.290946597655982 ], [ 59.648971910453845, 36.290950312681098 ], [ 59.649006125465633, 36.290957468120482 ], [ 59.64903501761065, 36.290966754970547 ], [ 59.649066997025344, 36.290981080807796 ], [ 59.649092640534846, 36.290996354633357 ], [ 59.649129401642618, 36.291026579012623 ], [ 59.649460699178711, 36.290947134553107 ], [ 59.649734090201051, 36.29047241816243 ], [ 59.650756662545049, 36.290115304752867 ], [ 59.651689409631899, 36.28983211105237 ], [ 59.65299505828439, 36.289513491782877 ], [ 59.655927436551401, 36.288961460009546 ], [ 59.657598881364748, 36.288609347994964 ], [ 59.657868393967242, 36.288573060402648 ], [ 59.658049901022807, 36.288588571264938 ], [ 59.658191411193329, 36.288640876839565 ] ] ] } }
]
}
