{
"type": "FeatureCollection",
"name": "Ostan",
"crs": { "type": "name", "properties": { "name": "urn:ogc:def:crs:OGC:1.3:CRS84" } },
"features": [
{ "type": "Feature", "properties": { "ostan": "خراسان رضوی" }, "geometry": { "type": "MultiPolygon", "coordinates": [ [ [ [ 57.934721655076366, 34.887181932641958 ], [ 57.927625365807941, 34.885209676358478 ], [ 57.896468203127554, 34.875713842570121 ], [ 57.886588078301379, 34.873383195602401 ], [ 57.863073119783799, 34.867900816610685 ], [ 57.854438629919741, 34.866825620630102 ], [ 57.82351761314272, 34.863792738064312 ], [ 57.817812918834697, 34.862618408866119 ], [ 57.807239767971012, 34.860276920984319 ], [ 57.801957796981988, 34.858650424130133 ], [ 57.789853562918864, 34.856184497077656 ], [ 57.778846459744251, 34.855658088845516 ], [ 57.762681742422657, 34.855208224808564 ], [ 57.758106389475266, 34.852673641519999 ], [ 57.754037429369184, 34.850558303287329 ], [ 57.755014626005959, 34.855269592646998 ], [ 57.754267160069276, 34.860495293748343 ], [ 57.756238824093984, 34.872789497929752 ], [ 57.756575811535171, 34.881207352190877 ], [ 57.758638441983408, 34.884179238106121 ], [ 57.762461649569012, 34.892620337302894 ], [ 57.762173636959432, 34.908084579290147 ], [ 57.76154170564994, 34.915811854381751 ], [ 57.75733934024327, 34.917603252159871 ], [ 57.75366950968521, 34.918591507248237 ], [ 57.749932864272424, 34.919598248016094 ], [ 57.74264026849491, 34.92247672142836 ], [ 57.734411427020355, 34.923171472780503 ], [ 57.722716778106417, 34.923018415668238 ], [ 57.711677305653353, 34.925047095355339 ], [ 57.707452539945692, 34.9275109500417 ], [ 57.6960421777382, 34.941562696511745 ], [ 57.687609890099232, 34.952677193478813 ], [ 57.661641411349422, 34.969850580057766 ], [ 57.646854346665926, 34.977779789526657 ], [ 57.618221481762831, 34.994908484752941 ], [ 57.603119557910993, 34.997331196853516 ], [ 57.591630717140781, 35.000265884612126 ], [ 57.588429631662677, 35.001721953456418 ], [ 57.587344519922439, 35.002660496575622 ], [ 57.571450324860749, 35.011469593144042 ], [ 57.567105889184219, 35.015108149014168 ], [ 57.564757837364795, 35.015844987736479 ], [ 57.559837727891797, 35.014817270458387 ], [ 57.542726910811474, 35.010781772949876 ], [ 57.536675118672797, 35.010893428450579 ], [ 57.53499708728701, 35.010817426452832 ], [ 57.526643900291454, 35.015684971162521 ], [ 57.524370318665916, 35.018704334549376 ], [ 57.520340111728416, 35.023471534004671 ], [ 57.517142524977601, 35.028108810748378 ], [ 57.51517748947122, 35.032032919097098 ], [ 57.512363988943761, 35.035633703787425 ], [ 57.510877594316391, 35.037150362859272 ], [ 57.508426609829868, 35.03902948548302 ], [ 57.505009428979065, 35.041275528609724 ], [ 57.504081232948735, 35.042778507787212 ], [ 57.503277710197736, 35.043823336771318 ], [ 57.502243375267412, 35.046356963076903 ], [ 57.501095993295145, 35.049691327693651 ], [ 57.500381339671272, 35.051067153517216 ], [ 57.498043918398913, 35.058902005668713 ], [ 57.4941546594115, 35.06590626777971 ], [ 57.492702982881021, 35.069568658639142 ], [ 57.488929363061281, 35.075542058223689 ], [ 57.489478409955403, 35.087361402863941 ], [ 57.485056928500327, 35.095618631708142 ], [ 57.477593895511312, 35.105289883074875 ], [ 57.472425251571373, 35.111511696926144 ], [ 57.46490521787323, 35.118792828072401 ], [ 57.460007309387478, 35.124668160848124 ], [ 57.456657379686924, 35.124834120174448 ], [ 57.449294564782448, 35.126764257763334 ], [ 57.435861988987803, 35.119689744218007 ], [ 57.415203768661485, 35.114313632512598 ], [ 57.402750414069864, 35.113474216862549 ], [ 57.381715677433291, 35.116400730873146 ], [ 57.377851612715176, 35.112134173641707 ], [ 57.369474585163772, 35.105888521755311 ], [ 57.354174380711541, 35.109065415906827 ], [ 57.347567134462892, 35.107114275588103 ], [ 57.34022799918796, 35.103580051224306 ], [ 57.331985597007282, 35.103584867073842 ], [ 57.329348634733833, 35.104417136261297 ], [ 57.320581002071229, 35.106020907878133 ], [ 57.315957638097984, 35.105404092999258 ], [ 57.308837130914512, 35.105616311652717 ], [ 57.297210709993628, 35.104074116783607 ], [ 57.281575402004719, 35.104632184249773 ], [ 57.269106000640811, 35.102870578717422 ], [ 57.250244066720178, 35.102674285231416 ], [ 57.237365365052874, 35.099064737903376 ], [ 57.227302760385953, 35.096716986341455 ], [ 57.2165385018085, 35.093348445759354 ], [ 57.209826518589118, 35.090758759986016 ], [ 57.192773481961403, 35.085252705948953 ], [ 57.184944627036728, 35.082212542146252 ], [ 57.170592506220629, 35.078049170687159 ], [ 57.15671759044092, 35.073442388708308 ], [ 57.144280261939947, 35.068935632931904 ], [ 57.132541595061596, 35.064086430863682 ], [ 57.121638678110017, 35.058439471282249 ], [ 57.114790082350773, 35.054823424425095 ], [ 57.102631820378576, 35.048497370082337 ], [ 57.092571075119785, 35.043072498626906 ], [ 57.082088957933372, 35.03617273060695 ], [ 57.072308477184023, 35.030292851902828 ], [ 57.06001858744245, 35.024300727771553 ], [ 57.042709246026405, 35.018205522071277 ], [ 57.026943953637129, 35.015851991613225 ], [ 57.008252213468573, 35.014407406001787 ], [ 57.004625883568806, 35.014299389338454 ], [ 57.000024180515702, 35.014761620265062 ], [ 56.998130558958707, 35.014314007976637 ], [ 56.992263796041804, 35.015312455048516 ], [ 56.987652896504372, 35.016317515686453 ], [ 56.979547480074565, 35.018334067240048 ], [ 56.974378692343826, 35.019221301377904 ], [ 56.972561344730586, 35.019784492387885 ], [ 56.971302346762485, 35.020350043788774 ], [ 56.966126246281483, 35.022497107243808 ], [ 56.95703746187931, 35.025422632442989 ], [ 56.950609869290147, 35.026644299054105 ], [ 56.94711737603275, 35.027197397523381 ], [ 56.943919110958248, 35.025117450691674 ], [ 56.940858550741815, 35.02338014752911 ], [ 56.934036397788823, 35.020592506842718 ], [ 56.926236232397891, 35.018027072150701 ], [ 56.920104648638159, 35.016501502276775 ], [ 56.91410726163847, 35.015890985097975 ], [ 56.909222037850803, 35.015977603752823 ], [ 56.904613824981382, 35.016406905488381 ], [ 56.893972588669691, 35.018785193763819 ], [ 56.887003149001593, 35.020418060375157 ], [ 56.882252676196075, 35.021191295602385 ], [ 56.875549059262013, 35.021833859598139 ], [ 56.867452016306125, 35.022125115018227 ], [ 56.8590763600386, 35.022300535102069 ], [ 56.849025317617865, 35.02257700455241 ], [ 56.843719704196545, 35.02288589725292 ], [ 56.842181018082805, 35.023334775869245 ], [ 56.83966221467368, 35.024233213663301 ], [ 56.834333111670389, 35.027747346752768 ], [ 56.830957653795323, 35.031275252070593 ], [ 56.827798105385853, 35.033886976724773 ], [ 56.825910339108191, 35.034331770399753 ], [ 56.824096518604634, 35.034205165673917 ], [ 56.820888481707691, 35.033839777785758 ], [ 56.811131545998478, 35.031940352194368 ], [ 56.802074367820559, 35.029815851102086 ], [ 56.796504542069776, 35.028057267246197 ], [ 56.790790033645493, 35.026988007987754 ], [ 56.784654063048251, 35.026255884350533 ], [ 56.779908624594341, 35.026222573015062 ], [ 56.7669417902666, 35.024525639965681 ], [ 56.759561276759577, 35.022410192535901 ], [ 56.754199786681042, 35.02093750920217 ], [ 56.751628706405199, 35.019601083659872 ], [ 56.750000074818978, 35.019192608647863 ], [ 56.738889778412506, 35.016563771878886 ], [ 56.734967427241912, 35.01510347120086 ], [ 56.733655892163455, 35.010431847011901 ], [ 56.733191058728146, 35.00655560049654 ], [ 56.720754351908262, 35.004343162883352 ], [ 56.708877920242443, 35.002243514284594 ], [ 56.706495555800039, 35.001230083282252 ], [ 56.704345111465244, 35.000014922451207 ], [ 56.702064182913425, 34.998699835403357 ], [ 56.693237982813713, 34.996092113443098 ], [ 56.688894847987378, 34.994728450968772 ], [ 56.673487964637879, 34.990758659256514 ], [ 56.655564257008628, 34.986786563282472 ], [ 56.63525497165098, 34.980081424436214 ], [ 56.630631682788433, 34.978148995180923 ], [ 56.626281104493195, 34.973942587293692 ], [ 56.616907818594143, 34.973602278355585 ], [ 56.613551545443471, 34.973943322921976 ], [ 56.604038202587077, 34.973488857368075 ], [ 56.599563251452615, 34.973943088584157 ], [ 56.590176193044094, 34.968825955368509 ], [ 56.578969528337453, 34.96279555208671 ], [ 56.567208985266141, 34.958243252930693 ], [ 56.555453450001416, 34.955053718876357 ], [ 56.539498064713641, 34.949701054748921 ], [ 56.52900046899174, 34.945258051906613 ], [ 56.520042879840361, 34.941271108192105 ], [ 56.508851824929714, 34.938762370376828 ], [ 56.499996113851779, 34.936423167551773 ], [ 56.477438819478323, 34.932464135298737 ], [ 56.451236079359354, 34.925858335093316 ], [ 56.422283615671645, 34.917727948718046 ], [ 56.389719429924149, 34.909315602803588 ], [ 56.369761602708301, 34.904486377305638 ], [ 56.339447378043239, 34.895634900821825 ], [ 56.324738333454832, 34.893038227909997 ], [ 56.320378707982478, 34.89362260440479 ], [ 56.34760761395443, 34.92288664147776 ], [ 56.376463760020052, 34.953839151108433 ], [ 56.407225928725452, 34.987887018733275 ], [ 56.418477415536415, 34.998275635516464 ], [ 56.420205624803934, 34.999825420977871 ], [ 56.421371287206334, 35.001629930542229 ], [ 56.42523353599541, 35.005099643204481 ], [ 56.429284045598024, 35.01027663694439 ], [ 56.434434071304743, 35.014865736871727 ], [ 56.439160135825468, 35.019231736185773 ], [ 56.444194161076339, 35.024620166246521 ], [ 56.4490864356721, 35.02989502674761 ], [ 56.45082098364027, 35.032033215185344 ], [ 56.456083892169019, 35.03559168252346 ], [ 56.460105200165223, 35.039629080203603 ], [ 56.464976522174389, 35.044105177002542 ], [ 56.469005104637937, 35.048369995310502 ], [ 56.474581235497645, 35.05306294684798 ], [ 56.478182795454174, 35.056991970584242 ], [ 56.482786894526079, 35.061815616157141 ], [ 56.489244609789402, 35.067974690648036 ], [ 56.491117511992066, 35.069995656728899 ], [ 56.495959181346187, 35.073331955179782 ], [ 56.500000266100194, 35.075941624747983 ], [ 56.508460685214374, 35.086143281219094 ], [ 56.520555645163377, 35.095907735956175 ], [ 56.53461407960998, 35.10623309014521 ], [ 56.546155745037879, 35.115882397296673 ], [ 56.562596526898361, 35.126423044671988 ], [ 56.581686962798891, 35.136152327350921 ], [ 56.602887358211483, 35.146893202825396 ], [ 56.622837910294429, 35.157752724265386 ], [ 56.631416531221312, 35.163074441046092 ], [ 56.644770685641411, 35.170537689716092 ], [ 56.659808373367618, 35.178448297606636 ], [ 56.67457792485591, 35.187041617071053 ], [ 56.689354113017217, 35.195978052990355 ], [ 56.704549085056357, 35.204566545561477 ], [ 56.72523944880858, 35.216544875925877 ], [ 56.740029563854868, 35.225702823673835 ], [ 56.749748705374373, 35.23157763954783 ], [ 56.773251875800014, 35.249253321296706 ], [ 56.774163000164741, 35.250010069388573 ], [ 56.789959315374517, 35.253226743763513 ], [ 56.922434675215079, 35.336464540791894 ], [ 56.925541095009258, 35.341013282892696 ], [ 56.939517322184372, 35.360346590691968 ], [ 56.997853787531056, 35.494506949948509 ], [ 57.00038706232403, 35.500000204796905 ], [ 57.008942342324097, 35.506413369824934 ], [ 57.012603465634633, 35.507276390486588 ], [ 57.020810434184042, 35.511048735094036 ], [ 57.020961028059453, 35.51104873509405 ], [ 57.025323385584329, 35.518522725425463 ], [ 57.030375861444597, 35.532039788136068 ], [ 57.032613770899623, 35.538400447443998 ], [ 57.032848671397893, 35.542850092790282 ], [ 57.029749383394815, 35.548713954504109 ], [ 57.025162726005028, 35.550601720951356 ], [ 57.014302078896215, 35.560792255814462 ], [ 57.013274500602307, 35.565260097686 ], [ 57.017465031563169, 35.57113838724981 ], [ 57.014953805232345, 35.571742833167178 ], [ 57.010935903769067, 35.574080809480165 ], [ 57.006483202636815, 35.57573792273439 ], [ 56.997858095587965, 35.577811289651862 ], [ 56.993363114674047, 35.580457597308822 ], [ 56.985492755882866, 35.584985470061483 ], [ 56.98222857750001, 35.591240269508795 ], [ 56.984587170600491, 35.594324259322605 ], [ 56.98802381620785, 35.603453907892558 ], [ 56.981258686644672, 35.609694733799486 ], [ 56.97448868066072, 35.616503213026768 ], [ 56.973484035231778, 35.619918000953646 ], [ 56.970494857174216, 35.626627839890801 ], [ 56.96582152537696, 35.633672993317205 ], [ 56.962540225500859, 35.64186349296606 ], [ 56.961382044142916, 35.646986739418338 ], [ 56.958639266732398, 35.658026487765106 ], [ 56.958315065790799, 35.66406514497907 ], [ 56.955442660736388, 35.67350883506758 ], [ 56.953575394735019, 35.679655078087919 ], [ 56.95227522810584, 35.684890854561054 ], [ 56.950118386170978, 35.692172983882344 ], [ 56.945580668359042, 35.699104624463672 ], [ 56.942454693565765, 35.70467529638951 ], [ 56.938349934875575, 35.709783293762342 ], [ 56.935947668665825, 35.712279572700538 ], [ 56.930038738710429, 35.714875244988576 ], [ 56.92468225539259, 35.718498839233078 ], [ 56.919751325275129, 35.721439488402936 ], [ 56.91748287128992, 35.72461847167795 ], [ 56.912382889073378, 35.731090853551805 ], [ 56.91136064524899, 35.736213639538981 ], [ 56.908780805165975, 35.743152029715958 ], [ 56.901331307501842, 35.750341367598537 ], [ 56.866434059505693, 35.777955763728599 ], [ 56.865618832222701, 35.77874377814021 ], [ 56.864794523405678, 35.779527268550254 ], [ 56.863961693718537, 35.780301727275088 ], [ 56.86311978302885, 35.781071661635536 ], [ 56.86226890451691, 35.781834817506024 ], [ 56.86140928033565, 35.78259119495489 ], [ 56.860541131975722, 35.783340794054112 ], [ 56.859664347982857, 35.784083614491209 ], [ 56.858779149863729, 35.784819656340041 ], [ 56.857885759137297, 35.78554891967913 ], [ 56.856983621989137, 35.78627140366892 ], [ 56.856073513765274, 35.786987109043721 ], [ 56.855155212952724, 35.787696035357776 ], [ 56.854228498034864, 35.78839818215684 ], [ 56.853293927011485, 35.789091295866996 ], [ 56.85235171183556, 35.789779884694163 ], [ 56.851401198280527, 35.790459439525819 ], [ 56.850443377138056, 35.791132215463868 ], [ 56.849477584515896, 35.791798211503931 ], [ 56.848504264225959, 35.792457428015844 ], [ 56.84752330851704, 35.793107610620794 ], [ 56.84653504619601, 35.793751013616003 ], [ 56.845539255789156, 35.794387636538524 ], [ 56.844536494969503, 35.795015225864695 ], [ 56.843526095506498, 35.795636034612777 ], [ 56.842509164579596, 35.796250064043747 ], [ 56.841484931331557, 35.796855058917046 ], [ 56.84045417072381, 35.797451020078135 ], [ 56.817735267426826, 35.813264709681029 ], [ 56.793885604431033, 35.829069862060116 ], [ 56.774417650963187, 35.840573320174336 ], [ 56.753942510278534, 35.854000986970277 ], [ 56.75559806505273, 35.870600800829052 ], [ 56.757279650555581, 35.884700888880801 ], [ 56.75754449308301, 35.900157240342139 ], [ 56.759064531460247, 35.916413998421945 ], [ 56.760105261628091, 35.924602646952067 ], [ 56.760528218584014, 35.93835518033837 ], [ 56.76069561628865, 35.949605233190958 ], [ 56.761596212839201, 35.957791290927048 ], [ 56.761204268590348, 35.968812540574454 ], [ 56.759029155679251, 35.975507048917471 ], [ 56.757258888768341, 35.983795898129614 ], [ 56.754926562834058, 35.992079053560431 ], [ 56.750150594017072, 36.000337349078741 ], [ 56.747586537529422, 36.002945672038273 ], [ 56.744667374179159, 36.007790048846054 ], [ 56.744729778017721, 36.009496441441769 ], [ 56.745226345103696, 36.01153283739049 ], [ 56.745037976155366, 36.021776743377032 ], [ 56.745833726893075, 36.032000182958534 ], [ 56.745848380242997, 36.043946227762888 ], [ 56.746690067809418, 36.055418414960684 ], [ 56.746617437255345, 36.064977291063677 ], [ 56.747571163572275, 36.075651770874323 ], [ 56.747743333379105, 36.088048850072489 ], [ 56.748852399693291, 36.106797221904827 ], [ 56.748394419654957, 36.113519757050945 ], [ 56.749258243243389, 36.125559832517055 ], [ 56.750170801293869, 36.131774576667212 ], [ 56.753223792775486, 36.135192578968322 ], [ 56.756195298028402, 36.141879309267757 ], [ 56.757147278942604, 36.14369565499144 ], [ 56.756884344906211, 36.149544055448601 ], [ 56.754402415343158, 36.160082832265068 ], [ 56.753914870402625, 36.163113351446064 ], [ 56.75499013599859, 36.163891618742205 ], [ 56.754879152162204, 36.16392028764345 ], [ 56.75697908193402, 36.164965878053685 ], [ 56.76383988995687, 36.168340196917597 ], [ 56.768431574855846, 36.172016287117174 ], [ 56.771614384894711, 36.17544384376226 ], [ 56.771809034096734, 36.179722143012022 ], [ 56.770691878258198, 36.185895726299002 ], [ 56.771071932196421, 36.194903073182047 ], [ 56.770070115728934, 36.202316502551838 ], [ 56.770626406981627, 36.209640500409265 ], [ 56.769107299094841, 36.214679554710713 ], [ 56.765739102172489, 36.220140966264104 ], [ 56.764277652087792, 36.222367200345559 ], [ 56.763889702977274, 36.227426430752423 ], [ 56.762844838502204, 36.236861412963279 ], [ 56.762089654925951, 36.245965625723585 ], [ 56.761737256414399, 36.250005553782145 ], [ 56.761314723330706, 36.254780833983084 ], [ 56.757662171907484, 36.260455528648173 ], [ 56.753844213819811, 36.266661680673629 ], [ 56.749900813313737, 36.270155769310115 ], [ 56.748566811447333, 36.271782783130845 ], [ 56.746985747658002, 36.274051356294095 ], [ 56.742243099436649, 36.278898329212545 ], [ 56.737604986304284, 36.286138949909365 ], [ 56.732833211779422, 36.29280659924158 ], [ 56.73133930218053, 36.297917276565101 ], [ 56.731179885104908, 36.308282439876258 ], [ 56.732500389723384, 36.314447458330129 ], [ 56.733557212018432, 36.319358723737992 ], [ 56.733151597743806, 36.327329710150153 ], [ 56.733523995002493, 36.330751892219673 ], [ 56.73229687195893, 36.336888644845054 ], [ 56.729747903921307, 36.346087630291962 ], [ 56.728773630101934, 36.354165462265584 ], [ 56.72781671145124, 36.36110512433202 ], [ 56.728665544749269, 36.370341039400564 ], [ 56.729627769399244, 36.38140279755838 ], [ 56.731045736403786, 36.390531768182001 ], [ 56.731720577312764, 36.392703724938961 ], [ 56.735209892227097, 36.396162125006299 ], [ 56.742043738155829, 36.403299177468021 ], [ 56.750069487533118, 36.412408493075226 ], [ 56.754628621281249, 36.420869465264815 ], [ 56.761161260274825, 36.433039810584241 ], [ 56.766478862944084, 36.442572699128334 ], [ 56.771516332176375, 36.451987603711295 ], [ 56.773863597156769, 36.454870188507961 ], [ 56.776967986595601, 36.461977778185606 ], [ 56.780523611239211, 36.467952446658728 ], [ 56.785878594398362, 36.476005997751152 ], [ 56.788895846568963, 36.480719563416407 ], [ 56.794723415911783, 36.486729343692545 ], [ 56.796937832854901, 36.489266401179762 ], [ 56.805193226879346, 36.494628423721608 ], [ 56.81337963666882, 36.496685701391897 ], [ 56.822644487085611, 36.500075433825799 ], [ 56.832686833946624, 36.502912327732098 ], [ 56.845057646408044, 36.508957930447927 ], [ 56.854604860933428, 36.516387172271124 ], [ 56.861071895842578, 36.529097221184436 ], [ 56.863819800599941, 36.536887210171685 ], [ 56.865451415257525, 36.547200103303496 ], [ 56.865423835832487, 36.548086823533247 ], [ 56.865219594966206, 36.554653079177534 ], [ 56.863287564264617, 36.56234075387566 ], [ 56.860785099820234, 36.569685149370464 ], [ 56.856998321003957, 36.576002485488921 ], [ 56.849818262363627, 36.584161299489061 ], [ 56.842188122112447, 36.588882088528692 ], [ 56.835260113868856, 36.592566627641922 ], [ 56.825765131960274, 36.594423745822375 ], [ 56.824204189303558, 36.594428215038462 ], [ 56.820233066704311, 36.594780639306656 ], [ 56.803906516430857, 36.593440955754474 ], [ 56.795097078061197, 36.591512696255933 ], [ 56.793248006010145, 36.590713926463181 ], [ 56.788282258539681, 36.590838181244244 ], [ 56.775950673203887, 36.593040097889372 ], [ 56.767030764700223, 36.596498288498005 ], [ 56.758974047946886, 36.602130175069462 ], [ 56.75150256522825, 36.611201953356179 ], [ 56.752949680813778, 36.616244342851637 ], [ 56.752712565652168, 36.624729202781069 ], [ 56.752342297844763, 36.634818436481041 ], [ 56.752420519822493, 36.649035174318037 ], [ 56.752090549413268, 36.66646259261519 ], [ 56.750065871336083, 36.671885063065751 ], [ 56.748650270314933, 36.673813614569468 ], [ 56.74752336010782, 36.674926824603595 ], [ 56.745568655522177, 36.67791786361088 ], [ 56.738795735538339, 36.680704577479787 ], [ 56.73680989113128, 36.680373415330209 ], [ 56.724166598482157, 36.676220489096288 ], [ 56.69919236234157, 36.670769120189625 ], [ 56.681436768051725, 36.670565188983268 ], [ 56.670361842206667, 36.677918238013667 ], [ 56.664017912989685, 36.681501949739555 ], [ 56.649049251010112, 36.687079541038273 ], [ 56.63971378536224, 36.688732930296155 ], [ 56.631642913703409, 36.689120665286453 ], [ 56.626693408517021, 36.690178017368176 ], [ 56.620050641293446, 36.692158300613485 ], [ 56.616524305527513, 36.694123498887549 ], [ 56.609764870055571, 36.699422540288474 ], [ 56.607666644371967, 36.702981006970091 ], [ 56.605287992252265, 36.706998260107383 ], [ 56.603625784866594, 36.71204103050821 ], [ 56.60350939400842, 36.71547302904284 ], [ 56.603965603726465, 36.71958980260537 ], [ 56.605548108391076, 36.722784039929543 ], [ 56.608270768964402, 36.726775313809419 ], [ 56.61240918843373, 36.730527743293756 ], [ 56.621806765911153, 36.736198973375075 ], [ 56.625948034837442, 36.740180814835433 ], [ 56.630796873039564, 36.743930324009035 ], [ 56.635925947062489, 36.747218485595518 ], [ 56.639425188812332, 36.750006706850357 ], [ 56.641206260090101, 36.750172915584123 ], [ 56.643063455684121, 36.75098081437261 ], [ 56.644210386758317, 36.751655848628957 ], [ 56.646638302012818, 36.753004028361488 ], [ 56.664301626318689, 36.759919906797087 ], [ 56.676553791470589, 36.764715885357688 ], [ 56.691077382074283, 36.769832037219615 ], [ 56.694236135124832, 36.772429681598197 ], [ 56.698340277946095, 36.780616522446884 ], [ 56.702264371963238, 36.786519784358674 ], [ 56.70606328651612, 36.793337596039194 ], [ 56.712471368744133, 36.795444671844834 ], [ 56.725471828814207, 36.802056124034465 ], [ 56.737613370874492, 36.807990411559956 ], [ 56.750201130101395, 36.804508615968942 ], [ 56.761695754191145, 36.810119399110597 ], [ 56.769999371618852, 36.816684922578339 ], [ 56.780700742778045, 36.824863427527518 ], [ 56.786470845351509, 36.82935422271634 ], [ 56.789430955690698, 36.831658242691006 ], [ 56.79718857990629, 36.836616272606349 ], [ 56.808331181616076, 36.843880289579893 ], [ 56.816502772375088, 36.850212452384127 ], [ 56.829509215682783, 36.856224300585893 ], [ 56.839542169969846, 36.861419428300046 ], [ 56.845911833341241, 36.863737855090164 ], [ 56.865695895317657, 36.874468973305014 ], [ 56.875302204169358, 36.880230762067676 ], [ 56.881790239714682, 36.885294584860851 ], [ 56.890128309528649, 36.890134409949169 ], [ 56.896920559320364, 36.893252783410325 ], [ 56.912361063233988, 36.898809144388771 ], [ 56.937693131640728, 36.895195631260457 ], [ 56.945707881652432, 36.888879207189163 ], [ 56.955852281459805, 36.882629528311291 ], [ 56.975636656303472, 36.878815289813822 ], [ 56.994835235897177, 36.876940381199873 ], [ 56.997975682768754, 36.875121776930861 ], [ 56.999917082084458, 36.873721715249616 ], [ 57.01225033341052, 36.868821788456827 ], [ 57.020068027644072, 36.866280853272997 ], [ 57.028883526602122, 36.864189896409904 ], [ 57.038269581623638, 36.862553342004695 ], [ 57.04965085943568, 36.861708517692406 ], [ 57.062592982177911, 36.859940044891481 ], [ 57.077524474896592, 36.857591944668179 ], [ 57.090462452408154, 36.855250263171605 ], [ 57.100695774705244, 36.852805826404882 ], [ 57.111206713703822, 36.849104958238044 ], [ 57.125984739918536, 36.845380684414785 ], [ 57.143189022969139, 36.843242762711334 ], [ 57.160966576635914, 36.842009803716294 ], [ 57.163242109442848, 36.841885003074999 ], [ 57.186575061786698, 36.841875465483561 ], [ 57.189562061484445, 36.841744535118096 ], [ 57.203626355338685, 36.838471494271083 ], [ 57.20533148170496, 36.83811924359474 ], [ 57.222804812706002, 36.834256551846821 ], [ 57.225458544356215, 36.833685879195883 ], [ 57.242694053920779, 36.830260180193775 ], [ 57.246535004875, 36.829217845370152 ], [ 57.250051389414232, 36.828776215472004 ], [ 57.259792287431061, 36.826758975805369 ], [ 57.273469250034005, 36.824084755820039 ], [ 57.289854323949427, 36.82050543319388 ], [ 57.305243198589807, 36.816689779732215 ], [ 57.314360236407026, 36.814673785553957 ], [ 57.332308028590823, 36.810753184969421 ], [ 57.340431611826389, 36.808158771901695 ], [ 57.355236969286864, 36.806051109067056 ], [ 57.374599127367816, 36.802931217459793 ], [ 57.385993674035042, 36.799890642475127 ], [ 57.401082217129705, 36.797436053117636 ], [ 57.416741197216162, 36.794522312782703 ], [ 57.432968521262339, 36.791496269160575 ], [ 57.446921566307473, 36.78788611940152 ], [ 57.45916988155313, 36.783352415527482 ], [ 57.469851281609159, 36.779272130769321 ], [ 57.484932468123333, 36.777149502412399 ], [ 57.499999809091086, 36.77477262066887 ], [ 57.500454707898129, 36.772869107143428 ], [ 57.509255719195018, 36.771973111089295 ], [ 57.526006153739587, 36.758281304911819 ], [ 57.546682783625194, 36.751958954370174 ], [ 57.548615043468175, 36.748239625125287 ], [ 57.548586483990043, 36.74644296745258 ], [ 57.552691608983771, 36.740260171115708 ], [ 57.56647172124088, 36.734856418008782 ], [ 57.57952798792941, 36.726367060002787 ], [ 57.593295202855948, 36.718675037421448 ], [ 57.608481923760344, 36.711204051583707 ], [ 57.619414121688493, 36.70694455602635 ], [ 57.632329127773673, 36.701192874992799 ], [ 57.636585020832328, 36.699123851901724 ], [ 57.644391013241425, 36.695899659690355 ], [ 57.652410398637052, 36.691673823448646 ], [ 57.658573526174166, 36.688425471639036 ], [ 57.667355882173439, 36.681768773640798 ], [ 57.677698318702056, 36.674762252786046 ], [ 57.685498758987492, 36.67130778040962 ], [ 57.694867311896054, 36.669103469365623 ], [ 57.707778290524388, 36.66482882360274 ], [ 57.717701375322655, 36.660221503059176 ], [ 57.731030335260854, 36.655029081506328 ], [ 57.740944058259352, 36.649277268582402 ], [ 57.746604057466712, 36.645708147198654 ], [ 57.748802984700994, 36.643756727784201 ], [ 57.749721265038701, 36.642921041600154 ], [ 57.760233980841718, 36.638560698022054 ], [ 57.771445738301821, 36.630769743227951 ], [ 57.792147483379409, 36.629128433357053 ], [ 57.803217003257643, 36.628754578551067 ], [ 57.826707143265601, 36.61748549563022 ], [ 57.832870669846216, 36.613293539744127 ], [ 57.839223617881089, 36.611495599182042 ], [ 57.849133837301103, 36.610104732648495 ], [ 57.85334325500709, 36.607651952964659 ], [ 57.857140840269651, 36.605887107900742 ], [ 57.865721574937638, 36.602002833298606 ], [ 57.872586196267207, 36.597571607227195 ], [ 57.875479705368313, 36.593308952574382 ], [ 57.878985075375375, 36.591207507680096 ], [ 57.887780235046428, 36.590968785086943 ], [ 57.893131992572911, 36.588954574281487 ], [ 57.897737935462004, 36.585237451694802 ], [ 57.904871955305055, 36.580229908503 ], [ 57.909392947445674, 36.579253462280107 ], [ 57.917152318902765, 36.577089071545963 ], [ 57.921925539294776, 36.574625033253788 ], [ 57.923611126413427, 36.573802912616642 ], [ 57.934059781378132, 36.571370907037689 ], [ 57.943263835493482, 36.570439780269005 ], [ 57.951770025224825, 36.570088206107059 ], [ 57.964114461369334, 36.570022813452589 ], [ 57.968385151100641, 36.570644017065973 ], [ 57.973506484399486, 36.571253616000327 ], [ 57.985184238247918, 36.573136401660847 ], [ 57.988482097324827, 36.574684416427282 ], [ 57.995548913823583, 36.579829326037164 ], [ 57.99814843121375, 36.581844900580307 ], [ 58.000055348468756, 36.583587943631819 ], [ 58.010821879851783, 36.591427720074812 ], [ 58.019565171940485, 36.597156411619238 ], [ 58.027622474363866, 36.599807367196235 ], [ 58.035116019189985, 36.602113355150315 ], [ 58.047985017761313, 36.605805034430517 ], [ 58.063824139644943, 36.61053029799897 ], [ 58.068905055743684, 36.613736830456801 ], [ 58.072834845137876, 36.619786334189207 ], [ 58.079179186102181, 36.6251625503808 ], [ 58.083544235340035, 36.629846542679573 ], [ 58.083957925763784, 36.631785408721854 ], [ 58.081530974866098, 36.6347394395873 ], [ 58.076691609637749, 36.638026251022367 ], [ 58.074970124986777, 36.641325336023328 ], [ 58.070419955994844, 36.643588390170763 ], [ 58.065857826912847, 36.64778724542402 ], [ 58.066118632656618, 36.651433534025912 ], [ 58.068781969907313, 36.656340596569422 ], [ 58.07101087863748, 36.662727623074048 ], [ 58.075104628483601, 36.665588892277142 ], [ 58.079606125925174, 36.671527015733432 ], [ 58.08114998358127, 36.67415199271629 ], [ 58.086520307147772, 36.6772446492811 ], [ 58.088487301458542, 36.680327654522713 ], [ 58.08747862902306, 36.68305697973134 ], [ 58.083504094066214, 36.683616052360676 ], [ 58.07908943346645, 36.686563303330828 ], [ 58.076094721901349, 36.689173046072781 ], [ 58.075943449227623, 36.690767715864595 ], [ 58.082031747398929, 36.692610077140905 ], [ 58.087261883101419, 36.695589021422151 ], [ 58.094047398298557, 36.699481932092489 ], [ 58.093873277708703, 36.705063451101033 ], [ 58.09450334191316, 36.710956397451724 ], [ 58.091419758442335, 36.712119458542084 ], [ 58.087293819664978, 36.714043481812922 ], [ 58.079748515360997, 36.718234002029021 ], [ 58.081585714433771, 36.719492858066296 ], [ 58.086940351852995, 36.725661750217313 ], [ 58.095273170481597, 36.732406978777966 ], [ 58.101054045807182, 36.738918336597351 ], [ 58.099614241825215, 36.742559924911689 ], [ 58.095626544148693, 36.749982244138366 ], [ 58.100676937485233, 36.755029807932502 ], [ 58.108025622124629, 36.760422018700844 ], [ 58.120949051469104, 36.766561383402177 ], [ 58.128275053181923, 36.770133897116359 ], [ 58.128368863398919, 36.776152289357832 ], [ 58.127222408483007, 36.78490474265967 ], [ 58.114611970492319, 36.799315693635393 ], [ 58.108728956536062, 36.80629137623535 ], [ 58.096993708309469, 36.813084278509237 ], [ 58.091761597657985, 36.825504476135393 ], [ 58.080441116498427, 36.850687707329712 ], [ 58.076166529289416, 36.860714218271013 ], [ 58.089489071883669, 36.863903295522789 ], [ 58.133468701472154, 36.874106125159571 ], [ 58.142364621494565, 36.875794466711575 ], [ 58.14966959365632, 36.878511628340959 ], [ 58.166184043934514, 36.884502812634949 ], [ 58.182524306937061, 36.888449471580429 ], [ 58.205178449124638, 36.894153075260867 ], [ 58.208889108685739, 36.885491201621718 ], [ 58.210737645565253, 36.881302396669241 ], [ 58.210737645565267, 36.881302396669255 ], [ 58.217827488475628, 36.882116561859071 ], [ 58.222673282311305, 36.881618349181473 ], [ 58.250235047101661, 36.898978641543408 ], [ 58.258478481715926, 36.906554968069166 ], [ 58.262427144760473, 36.910927653391035 ], [ 58.277001519864918, 36.918246667103801 ], [ 58.294202528487808, 36.928025354999306 ], [ 58.302773758097509, 36.934725854998007 ], [ 58.322715075829855, 36.944558114615212 ], [ 58.322715075829862, 36.944558114615212 ], [ 58.328352643176686, 36.948483803325999 ], [ 58.333729730563576, 36.952612700464428 ], [ 58.34012488059669, 36.957523074239162 ], [ 58.343353632258548, 36.961335478156919 ], [ 58.346751442279064, 36.966277101551086 ], [ 58.349152746960677, 36.971342621579218 ], [ 58.352279130740136, 36.976852769954412 ], [ 58.353856410223443, 36.983284135062505 ], [ 58.356331968787416, 36.991516970314265 ], [ 58.358462466521694, 36.997150975066631 ], [ 58.358167727675557, 37.000022206172339 ], [ 58.357061469381037, 37.001349372620126 ], [ 58.355896379245436, 37.004796918237695 ], [ 58.352738679707443, 37.008307744491255 ], [ 58.348157923369833, 37.011568758721317 ], [ 58.340435773976623, 37.015705655399138 ], [ 58.334003913100773, 37.0187098528421 ], [ 58.324024245928932, 37.019603572186092 ], [ 58.312912652160115, 37.019332690422857 ], [ 58.29221509200714, 37.024427331614454 ], [ 58.283647053270684, 37.026825606174974 ], [ 58.265942743811884, 37.031272582736264 ], [ 58.260083034369138, 37.033480240818214 ], [ 58.255460056358565, 37.041208986269183 ], [ 58.250170363182754, 37.048644750874828 ], [ 58.244973077341001, 37.055383636693549 ], [ 58.239479941457411, 37.061227937920563 ], [ 58.232244243677776, 37.070519816922911 ], [ 58.228597337922338, 37.078449144683859 ], [ 58.220696808037701, 37.080135095298196 ], [ 58.212220689932657, 37.082047234891483 ], [ 58.199708470282232, 37.086356728791984 ], [ 58.189924124018042, 37.090218453384466 ], [ 58.181864946887103, 37.093512375143042 ], [ 58.173354959591769, 37.099223641721153 ], [ 58.184980788988298, 37.116450569998861 ], [ 58.192761160375078, 37.130546676713308 ], [ 58.198268924556622, 37.141979119114097 ], [ 58.207935610631608, 37.154241066813839 ], [ 58.21365660736214, 37.157035489248251 ], [ 58.217678730120994, 37.156710340703924 ], [ 58.22759069532399, 37.155956944026556 ], [ 58.250078716750686, 37.151896453066236 ], [ 58.25984817412678, 37.15180317755329 ], [ 58.264126085828423, 37.152323223873374 ], [ 58.268670261319393, 37.15525590744209 ], [ 58.270643275525572, 37.158635822240385 ], [ 58.270254804156501, 37.162089293322296 ], [ 58.266596012877073, 37.165696703404564 ], [ 58.261292903249043, 37.166871455273203 ], [ 58.250063364946854, 37.170097874552276 ], [ 58.248469641043336, 37.170208108132009 ], [ 58.245320855314112, 37.171510746550886 ], [ 58.239658148740382, 37.174561708245257 ], [ 58.238482623230816, 37.178242520144842 ], [ 58.238746470788662, 37.181468880817441 ], [ 58.241166380114358, 37.184359468435403 ], [ 58.248359063467781, 37.18634582362521 ], [ 58.250063177442648, 37.186125814329024 ], [ 58.260875619981604, 37.184036075054074 ], [ 58.27355167451411, 37.188118818769397 ], [ 58.27568186583408, 37.189639466223447 ], [ 58.284272735820394, 37.186666818431213 ], [ 58.299048806665539, 37.177476411709002 ], [ 58.313960197436707, 37.16874236617263 ], [ 58.307654738624151, 37.183188693280421 ], [ 58.304005502523886, 37.19371162763624 ], [ 58.30801592005254, 37.196290337875659 ], [ 58.309978168668884, 37.198999740253278 ], [ 58.308089479330775, 37.200552906047854 ], [ 58.300255568902323, 37.198421842669859 ], [ 58.300680240563103, 37.202157780110142 ], [ 58.31139899776538, 37.210133689457685 ], [ 58.31936542391454, 37.212668128355453 ], [ 58.327444425477601, 37.213235832338846 ], [ 58.331155519994006, 37.214068482276062 ], [ 58.332957198053698, 37.215904986554868 ], [ 58.335029717084915, 37.2179930387613 ], [ 58.340713904212222, 37.222313855306375 ], [ 58.352146642034484, 37.221667848153359 ], [ 58.367021345006364, 37.218889946445145 ], [ 58.389909331685864, 37.213810380984228 ], [ 58.402049111606395, 37.213971484202574 ], [ 58.414867442669767, 37.220218517807623 ], [ 58.421411850489378, 37.224776382026995 ], [ 58.419660623718919, 37.231058277123424 ], [ 58.418351141908445, 37.235168274104979 ], [ 58.419596495065534, 37.242064311442789 ], [ 58.417300875939915, 37.250669060146194 ], [ 58.415969357084393, 37.254320939504012 ], [ 58.413207140732446, 37.265671039227527 ], [ 58.410997524553622, 37.273586522196602 ], [ 58.407626231140206, 37.279790929911357 ], [ 58.398957078075014, 37.285457432509624 ], [ 58.388000042839209, 37.291368902940526 ], [ 58.371372985203578, 37.30292152403581 ], [ 58.3582927994822, 37.311820265906938 ], [ 58.343079821004359, 37.322560269255504 ], [ 58.313635305886599, 37.343229325024609 ], [ 58.308838579707015, 37.35138614860896 ], [ 58.308463080969773, 37.357686585240707 ], [ 58.311958629053635, 37.36465210627199 ], [ 58.316770296335612, 37.374702082848998 ], [ 58.326573436230142, 37.382202977290177 ], [ 58.33608949819704, 37.389361823158282 ], [ 58.349328409436481, 37.396268467441736 ], [ 58.364129950146783, 37.401445905779234 ], [ 58.365897606664795, 37.422048324944356 ], [ 58.368180304481257, 37.436233454425896 ], [ 58.358251994774811, 37.447516882049797 ], [ 58.339698554976259, 37.456443811507306 ], [ 58.33641756757131, 37.458181174788194 ], [ 58.29600030672114, 37.476389649467507 ], [ 58.293140341079798, 37.477320826587963 ], [ 58.27540975415539, 37.483487801180459 ], [ 58.274994390622219, 37.485322418024147 ], [ 58.275891241991651, 37.489782371152764 ], [ 58.273067166233893, 37.4951809648433 ], [ 58.26846807700759, 37.498805474914484 ], [ 58.268216607607897, 37.500309438993014 ], [ 58.266333459146075, 37.504313428787064 ], [ 58.264441044537556, 37.509577064604628 ], [ 58.263844975152111, 37.51381508419199 ], [ 58.266408925868049, 37.517149492543155 ], [ 58.264807345652606, 37.521727267067526 ], [ 58.265339642966389, 37.529752196427381 ], [ 58.267450077958429, 37.537555135560538 ], [ 58.265962951506765, 37.547749053357016 ], [ 58.264633319336689, 37.555192283392685 ], [ 58.263874653506434, 37.563098055806883 ], [ 58.261807655054206, 37.574091237247735 ], [ 58.260022095555492, 37.586232770301038 ], [ 58.256536847389569, 37.593779984919706 ], [ 58.250197258462478, 37.598220857235098 ], [ 58.247660669953198, 37.599286447256105 ], [ 58.244893661368316, 37.601314294726585 ], [ 58.242127861371017, 37.603342064996589 ], [ 58.237451427343501, 37.607748965594553 ], [ 58.232189668932449, 37.612722852189975 ], [ 58.2287193196264, 37.617141557568218 ], [ 58.224238277500028, 37.621581489934442 ], [ 58.22075076568197, 37.62597588580396 ], [ 58.221203946900637, 37.632154074644056 ], [ 58.22327840260099, 37.636639049073381 ], [ 58.223530648717222, 37.638585478879364 ], [ 58.224562277295291, 37.645118155265635 ], [ 58.224620825123125, 37.649808768728008 ], [ 58.226532013466993, 37.655433241855519 ], [ 58.228459636143292, 37.660144950462687 ], [ 58.231935835567114, 37.666703869315725 ], [ 58.229953100830322, 37.672972740259517 ], [ 58.229268457186592, 37.679027512910366 ], [ 58.232890317424641, 37.677581441891888 ], [ 58.24169539466974, 37.675738308545931 ], [ 58.249938224639614, 37.673060032260196 ], [ 58.260007880634504, 37.671044401634923 ], [ 58.265190985618311, 37.669118743913003 ], [ 58.266762169120227, 37.670960776388007 ], [ 58.27610442269652, 37.67054235203431 ], [ 58.280141542717864, 37.667810520231754 ], [ 58.282735201131537, 37.66633127163837 ], [ 58.286471707923766, 37.6661193275784 ], [ 58.288783966796117, 37.663378966383227 ], [ 58.292374325497292, 37.663738494826568 ], [ 58.298850343048095, 37.661474981367732 ], [ 58.30301070924061, 37.662866635133611 ], [ 58.309910658016584, 37.662208873338642 ], [ 58.31207010595184, 37.661186699701531 ], [ 58.317242247482504, 37.661322821281331 ], [ 58.318960252949907, 37.662705112034061 ], [ 58.322548952276819, 37.663406225657646 ], [ 58.324691829317764, 37.666167130260391 ], [ 58.326265254044365, 37.667776255318728 ], [ 58.329859240269812, 37.667447372821492 ], [ 58.333184075488944, 37.662646573637019 ], [ 58.335049489210633, 37.663227075495818 ], [ 58.34022920337123, 37.661530252315742 ], [ 58.343383949315758, 37.663031039484281 ], [ 58.344391995280866, 37.662348100342108 ], [ 58.3454111954306, 37.659143698750754 ], [ 58.350017296939548, 37.65698207244774 ], [ 58.357341663518952, 37.657697890663528 ], [ 58.366539243974856, 37.656931494356151 ], [ 58.363391931403704, 37.653479974978964 ], [ 58.367438245673924, 37.647191782562864 ], [ 58.365300411844224, 37.642829572821682 ], [ 58.364299713723973, 37.641565841028395 ], [ 58.365178523725262, 37.637098845385083 ], [ 58.366474296984904, 37.636301981914123 ], [ 58.371933124704782, 37.635977249884313 ], [ 58.379256327531095, 37.636461911156267 ], [ 58.380561909499647, 37.632798712387398 ], [ 58.383597950349404, 37.627310403066346 ], [ 58.388341206454626, 37.626064989279875 ], [ 58.392355941018522, 37.627912613180797 ], [ 58.399682352589174, 37.627021524887716 ], [ 58.407574062218195, 37.62922588605106 ], [ 58.413584555372893, 37.635663482912783 ], [ 58.426080075220476, 37.635589690686622 ], [ 58.429392585311781, 37.632505544743168 ], [ 58.436714023020954, 37.633676132659375 ], [ 58.439592964353778, 37.631277444705937 ], [ 58.444188107709827, 37.631520951775762 ], [ 58.449492177808338, 37.634975365553586 ], [ 58.45351605968731, 37.633956985137885 ], [ 58.463998733244345, 37.634559635710801 ], [ 58.467448923606717, 37.633194151454369 ], [ 58.479792653672945, 37.636207910480799 ], [ 58.484103254782191, 37.63530431007144 ], [ 58.485679831698285, 37.636683682638804 ], [ 58.486389466811993, 37.640696649364628 ], [ 58.48911107788247, 37.643683818814395 ], [ 58.490687746107398, 37.645405600243585 ], [ 58.492240421631301, 37.646287232636787 ], [ 58.505996754841433, 37.651567198479235 ], [ 58.50872862171461, 37.652731758792342 ], [ 58.514720621450969, 37.663997374644843 ], [ 58.518962992996528, 37.679260685236194 ], [ 58.530891682960188, 37.686558072244573 ], [ 58.53461673619006, 37.691277633055357 ], [ 58.540364955087959, 37.695210822721819 ], [ 58.543667386478305, 37.698096288549422 ], [ 58.555332964587272, 37.701381382385335 ], [ 58.559496172808238, 37.705417032040721 ], [ 58.570915247778771, 37.700225159966259 ], [ 58.58315081148659, 37.697931239550179 ], [ 58.591658303751316, 37.695195824728451 ], [ 58.599960060388391, 37.68747036538678 ], [ 58.608636044011959, 37.681799780281374 ], [ 58.612272301827076, 37.674148734380495 ], [ 58.619803177055232, 37.665951584963551 ], [ 58.628333320668588, 37.659704518071401 ], [ 58.643340785342161, 37.655213400862429 ], [ 58.657916105076282, 37.650376402328298 ], [ 58.675668663341774, 37.642691470616725 ], [ 58.696725171790689, 37.637312780837426 ], [ 58.713507266078295, 37.635479137964175 ], [ 58.725986470741752, 37.633919688609957 ], [ 58.741842176281253, 37.631482656806327 ], [ 58.743122791298596, 37.638130621540704 ], [ 58.743540575767859, 37.644201602606365 ], [ 58.748225725680228, 37.654212547004391 ], [ 58.749989875838835, 37.657052012410141 ], [ 58.753040991146491, 37.659433498022146 ], [ 58.756352862273665, 37.660912736863303 ], [ 58.760804854908656, 37.660093032053908 ], [ 58.762944541551782, 37.658138801190788 ], [ 58.764663189946148, 37.657328718308939 ], [ 58.768976854348502, 37.65719574106479 ], [ 58.769974416160551, 37.656162201005095 ], [ 58.771101940645892, 37.653641891239097 ], [ 58.773546578472498, 37.653629508494525 ], [ 58.777279477990689, 37.652926019647097 ], [ 58.778550550320361, 37.650405704776347 ], [ 58.786155689109023, 37.648538784264339 ], [ 58.787442457296429, 37.647732735238115 ], [ 58.78468768694708, 37.645343853099924 ], [ 58.786975521503855, 37.643961462802793 ], [ 58.788264209128229, 37.643382937189479 ], [ 58.78882319989193, 37.641664267514258 ], [ 58.791840538814718, 37.641421918115242 ], [ 58.795010457488438, 37.64209415009887 ], [ 58.796460466498992, 37.643344813029039 ], [ 58.797079078334498, 37.647915805263025 ], [ 58.806195683803693, 37.653819956714941 ], [ 58.807637169199808, 37.65415585727547 ], [ 58.806661551886002, 37.657361339729675 ], [ 58.807839665593761, 37.660215752523868 ], [ 58.80642077026959, 37.662281287595583 ], [ 58.808598146595614, 37.664329374421122 ], [ 58.807766993528951, 37.667649780177115 ], [ 58.814878781574258, 37.674134029042598 ], [ 58.814899639716934, 37.676305664250712 ], [ 58.817921728004862, 37.676405026888474 ], [ 58.819391805205612, 37.679599474865888 ], [ 58.815275396138922, 37.685339125002599 ], [ 58.813160695380873, 37.689810578991342 ], [ 58.807751792500454, 37.695896761311083 ], [ 58.805471802689318, 37.698196433697902 ], [ 58.806349668455333, 37.69967886634538 ], [ 58.810658608458738, 37.69885722770367 ], [ 58.816275088695107, 37.699285793663996 ], [ 58.825747531110935, 37.696722525026217 ], [ 58.829465035492589, 37.694303032034547 ], [ 58.833747524222368, 37.6908493980809 ], [ 58.838210489761501, 37.691056236420884 ], [ 58.846366539682968, 37.686554168092556 ], [ 58.85150734909633, 37.682752849226539 ], [ 58.861656277183428, 37.676408869231309 ], [ 58.864929464559616, 37.672961213805053 ], [ 58.876788782721668, 37.665349402018684 ], [ 58.880652821401732, 37.663498235705141 ], [ 58.882953864902191, 37.663485894947577 ], [ 58.887659020070117, 37.659570639004897 ], [ 58.896246255763927, 37.655634966719752 ], [ 58.900722722495509, 37.6573262523765 ], [ 58.907334267680895, 37.656943468808088 ], [ 58.909366443753292, 37.658647324299203 ], [ 58.917113516705889, 37.65688906527204 ], [ 58.92859148370416, 37.654419813778013 ], [ 58.934204124955805, 37.654730199541802 ], [ 58.94553236874107, 37.651802168708691 ], [ 58.952534790539261, 37.647985723382213 ], [ 58.964546441688931, 37.642194358896383 ], [ 58.972423155610578, 37.63951557914492 ], [ 58.979286043557387, 37.63626994212872 ], [ 58.991907514846119, 37.633673789963161 ], [ 59.000117785610733, 37.630410481005448 ], [ 59.008943264060491, 37.62852875504133 ], [ 59.012103242731982, 37.628031046098258 ], [ 59.020407737441197, 37.625636073998827 ], [ 59.023957492784291, 37.623299676508694 ], [ 59.028861017126665, 37.623470022439946 ], [ 59.034587456400281, 37.621794279176818 ], [ 59.039326369313081, 37.621047804479247 ], [ 59.045937522876251, 37.620275439154696 ], [ 59.04735402057176, 37.619227998388695 ], [ 59.051441153866449, 37.621468562988319 ], [ 59.057054741396513, 37.614979040608333 ], [ 59.064353321428108, 37.61282383783908 ], [ 59.06586274388777, 37.60959365063264 ], [ 59.070714946509071, 37.607584516121484 ], [ 59.072818806208772, 37.605150378943797 ], [ 59.07785487487272, 37.604856759246992 ], [ 59.076475026358665, 37.601319069174238 ], [ 59.077861418733384, 37.599010120056811 ], [ 59.080309894678521, 37.598978234681731 ], [ 59.082068126317751, 37.600217906539839 ], [ 59.089536027981147, 37.599204950192423 ], [ 59.091935207924571, 37.597109955854712 ], [ 59.093084352344626, 37.590905108438932 ], [ 59.095466740099297, 37.588123178948265 ], [ 59.100080678307862, 37.588291224624356 ], [ 59.103134543969063, 37.589514272802539 ], [ 59.104563654462588, 37.589035938036083 ], [ 59.102476727029249, 37.58608342637379 ], [ 59.106196170411636, 37.585003242507177 ], [ 59.109419172310815, 37.587252725420221 ], [ 59.116766130031202, 37.581310687891516 ], [ 59.118770862380629, 37.580826361151189 ], [ 59.119449377066942, 37.579097398531992 ], [ 59.120587297821764, 37.579142289722284 ], [ 59.121612480575195, 37.579184691119004 ], [ 59.121864481505384, 37.577690935127976 ], [ 59.126180859642709, 37.577518610151863 ], [ 59.12237688184824, 37.575047977051348 ], [ 59.124234467328641, 37.574449050699677 ], [ 59.125034609986095, 37.571803153854304 ], [ 59.131297095576727, 37.568741049104929 ], [ 59.136316109564831, 37.567870759355777 ], [ 59.140551485717516, 37.564376230045852 ], [ 59.143562777289411, 37.563877731657158 ], [ 59.144362861853928, 37.561229457585831 ], [ 59.148379257328195, 37.560604426793169 ], [ 59.148599060912488, 37.563696022910975 ], [ 59.153797574181553, 37.564313199279951 ], [ 59.154783324229555, 37.563382747094728 ], [ 59.158339446343085, 37.5616167610685 ], [ 59.156933920512202, 37.557163534629701 ], [ 59.165942720240949, 37.548788683258337 ], [ 59.170548330970583, 37.548726601586985 ], [ 59.172627518730415, 37.545489116177059 ], [ 59.175483045499639, 37.54453307301803 ], [ 59.179435534820563, 37.541384840904968 ], [ 59.178259649996747, 37.546214400739643 ], [ 59.182278367502718, 37.545703086173781 ], [ 59.185260766678233, 37.544057304645953 ], [ 59.187791047249917, 37.541615518651575 ], [ 59.190422224485317, 37.537452788013972 ], [ 59.195274242022052, 37.5357810598165 ], [ 59.200235344216608, 37.532730535212693 ], [ 59.209167250884448, 37.527334564610214 ], [ 59.209955241707711, 37.524343640904696 ], [ 59.215626678021529, 37.520941235881523 ], [ 59.217579039706074, 37.518505164460009 ], [ 59.229713733290573, 37.514667344275672 ], [ 59.23233812976089, 37.516007828043492 ], [ 59.234654411632512, 37.516547523681503 ], [ 59.235544006093455, 37.517567044233878 ], [ 59.236633549498961, 37.520761383656072 ], [ 59.240866762153104, 37.523107540323771 ], [ 59.242847184855492, 37.521819537663397 ], [ 59.244155068580909, 37.522258790757398 ], [ 59.245707552573812, 37.521206424163822 ], [ 59.246662234901464, 37.51901415462163 ], [ 59.248664873920958, 37.519908749106015 ], [ 59.250088219408845, 37.519966535238545 ], [ 59.252518028719329, 37.518026368073691 ], [ 59.254513923944138, 37.518037837961984 ], [ 59.256386566961162, 37.515861758343419 ], [ 59.258237288837456, 37.516103487888763 ], [ 59.2612481988374, 37.514162393710791 ], [ 59.265014012307276, 37.514120689731925 ], [ 59.266252539726878, 37.512464597645589 ], [ 59.270120197275389, 37.510297309198059 ], [ 59.276248557349554, 37.510447426818196 ], [ 59.2799474786354, 37.511272733625567 ], [ 59.282355663476125, 37.513015047988212 ], [ 59.283928605433864, 37.51244617743469 ], [ 59.315995939314817, 37.530696564086895 ], [ 59.334233446063692, 37.532286133136779 ], [ 59.34716847583568, 37.531579805250416 ], [ 59.356515255810116, 37.529864746873812 ], [ 59.35957001954403, 37.51905572798529 ], [ 59.362187406227626, 37.512161296734789 ], [ 59.367209899183564, 37.507694561706089 ], [ 59.374448124199951, 37.502102071903145 ], [ 59.374896360877635, 37.501107065653471 ], [ 59.376043976985393, 37.500192049876141 ], [ 59.375889828057936, 37.498996581420755 ], [ 59.381393856382424, 37.494748190622126 ], [ 59.385625645168417, 37.491487000778065 ], [ 59.388403538252831, 37.486871521882861 ], [ 59.391016997747883, 37.472875958376456 ], [ 59.382459400777037, 37.449195731805943 ], [ 59.386263710046073, 37.446168364316627 ], [ 59.388814933400027, 37.4449908396208 ], [ 59.398176289040165, 37.449322295881863 ], [ 59.406338938577363, 37.442345097471907 ], [ 59.413365871692605, 37.435838665417911 ], [ 59.400215918923472, 37.427211795978927 ], [ 59.388281283129281, 37.42257152915483 ], [ 59.383400681513002, 37.421152923334581 ], [ 59.37879113565031, 37.410575085190679 ], [ 59.378739606627128, 37.407599998155014 ], [ 59.390092522375554, 37.370832912347879 ], [ 59.39108258191267, 37.362123520346316 ], [ 59.390758896358186, 37.351714682571803 ], [ 59.392859756526192, 37.341275277790089 ], [ 59.394674007063443, 37.338961180228331 ], [ 59.395047865252884, 37.335867153142111 ], [ 59.393291251924197, 37.333259677290215 ], [ 59.400703208739387, 37.324804280128802 ], [ 59.401663142668006, 37.314911024885703 ], [ 59.4148180869879, 37.307551865584564 ], [ 59.418852111437793, 37.309898481175026 ], [ 59.424938981219327, 37.307408806812475 ], [ 59.430249142666909, 37.309278386893624 ], [ 59.433108432707854, 37.309695232760497 ], [ 59.434937031083606, 37.30829699419278 ], [ 59.435471550047112, 37.306344004113654 ], [ 59.437427991933006, 37.304143312681511 ], [ 59.436859493385491, 37.296371066136942 ], [ 59.434820547226167, 37.293997711238433 ], [ 59.436858969293844, 37.28847676504131 ], [ 59.443736127037369, 37.282543215336233 ], [ 59.449673688536144, 37.279825574871126 ], [ 59.451959794858567, 37.280136642960784 ], [ 59.454065799678936, 37.278389946769316 ], [ 59.452253705550213, 37.272808520462185 ], [ 59.452500676827853, 37.270746487497775 ], [ 59.461292641274206, 37.268332060422374 ], [ 59.465248336287189, 37.266443213712506 ], [ 59.467156270395115, 37.261724268387489 ], [ 59.473119103147212, 37.252827398293334 ], [ 59.476249978473469, 37.252557193762946 ], [ 59.478929185914801, 37.251142823892835 ], [ 59.480796829021486, 37.250521472641189 ], [ 59.484360706951563, 37.248954355291247 ], [ 59.485781427524685, 37.247574936540374 ], [ 59.486890409274892, 37.243448969144808 ], [ 59.488822803266679, 37.239698359515046 ], [ 59.489988543606401, 37.237483207614886 ], [ 59.491265273039438, 37.236104509192941 ], [ 59.491238118544516, 37.233126686620743 ], [ 59.49064217370065, 37.230606945496895 ], [ 59.489180678665896, 37.227404781094201 ], [ 59.484263099688505, 37.222146312970203 ], [ 59.483387343004146, 37.220315057072568 ], [ 59.479240302193823, 37.221127645362756 ], [ 59.476950628223214, 37.22136268885928 ], [ 59.475939326668957, 37.220334017420186 ], [ 59.475923777502828, 37.218615336185721 ], [ 59.478912215719433, 37.216432611881793 ], [ 59.480759240413398, 37.21470861569577 ], [ 59.484741803043384, 37.211605929789172 ], [ 59.489891127544944, 37.21090495525808 ], [ 59.493456808806151, 37.209290961861797 ], [ 59.496582491701247, 37.206534905236012 ], [ 59.500473312813369, 37.203644229943251 ], [ 59.517142330108356, 37.197196061499142 ], [ 59.521319422466604, 37.193915320924191 ], [ 59.529962633333383, 37.187009332442706 ], [ 59.533806358352891, 37.188410067676323 ], [ 59.538138707212518, 37.186614210558751 ], [ 59.539562840639405, 37.18422321282474 ], [ 59.545971453117275, 37.179072543633595 ], [ 59.547188387531428, 37.178795330839691 ], [ 59.550332418187104, 37.178705537688309 ], [ 59.552483700020105, 37.177805608644356 ], [ 59.552782831024508, 37.176436179610519 ], [ 59.55244921458538, 37.174092403859731 ], [ 59.551382450529644, 37.173627495629582 ], [ 59.548826696594872, 37.172066852370861 ], [ 59.545149925536329, 37.168270418405854 ], [ 59.545175165137685, 37.165755611119508 ], [ 59.544914607335301, 37.163240148492122 ], [ 59.542282545385994, 37.161001107932499 ], [ 59.540961227138801, 37.158640672557731 ], [ 59.542699957175003, 37.156141128314481 ], [ 59.543918991277572, 37.151647899111623 ], [ 59.54476508464117, 37.149527491654752 ], [ 59.546308194639401, 37.147748931815997 ], [ 59.550025829889002, 37.143562455722588 ], [ 59.551274191425932, 37.141122308819412 ], [ 59.556608382836451, 37.135905108619404 ], [ 59.560626615514749, 37.133761917086183 ], [ 59.567173114131684, 37.135979900972551 ], [ 59.570028984805624, 37.135886809265131 ], [ 59.574176841195474, 37.135116906167831 ], [ 59.57748756933379, 37.132283265092333 ], [ 59.58208684158646, 37.13279040436462 ], [ 59.583880163196199, 37.135641371639657 ], [ 59.586875254277999, 37.136004450007171 ], [ 59.590754876575843, 37.135324971657624 ], [ 59.597309681465092, 37.134707355459497 ], [ 59.608619110175553, 37.131358070474995 ], [ 59.612980121823533, 37.128879288798103 ], [ 59.6150834030718, 37.12688855948501 ], [ 59.616382159993222, 37.125355110304341 ], [ 59.618269446804554, 37.121826163730262 ], [ 59.621958341921356, 37.124362937303736 ], [ 59.624106265378046, 37.123578961403346 ], [ 59.62691297230279, 37.120969095203073 ], [ 59.63188457936036, 37.122186675319696 ], [ 59.634958624700602, 37.123193065549366 ], [ 59.636953755305306, 37.123549951555894 ], [ 59.639709656231034, 37.1221400389907 ], [ 59.642985200122894, 37.122067010607459 ], [ 59.644814083512948, 37.122458831165979 ], [ 59.645377600786126, 37.123376767316962 ], [ 59.645212671910905, 37.12588789805752 ], [ 59.645556777331983, 37.127375051926187 ], [ 59.646284167245049, 37.129424029483083 ], [ 59.650273596684542, 37.135738535522378 ], [ 59.652375338495922, 37.139644764044334 ], [ 59.653348827609562, 37.142736572151613 ], [ 59.658894768903679, 37.145399744286628 ], [ 59.662889803447008, 37.145767848253726 ], [ 59.667546222975133, 37.144791491190176 ], [ 59.673777266651598, 37.141380960788666 ], [ 59.677487613516597, 37.141951668914459 ], [ 59.680081245637247, 37.141893011701846 ], [ 59.683336976021153, 37.142125747115337 ], [ 59.689582573554681, 37.13971604483708 ], [ 59.699950040841991, 37.135714976549039 ], [ 59.710964327373837, 37.132923625629793 ], [ 59.723684376494546, 37.130941600255987 ], [ 59.726695050071314, 37.129246172964301 ], [ 59.728736724269552, 37.123547025751876 ], [ 59.730767135680431, 37.119215584082049 ], [ 59.736792059234915, 37.115139363485611 ], [ 59.743082903772233, 37.113690299343951 ], [ 59.750157184623561, 37.109517702082094 ], [ 59.753753853479573, 37.109077751015917 ], [ 59.756080322919125, 37.108559291056679 ], [ 59.757362545243545, 37.112249646112751 ], [ 59.759525217008118, 37.119295831861407 ], [ 59.760054673962344, 37.121149093790784 ], [ 59.762679180748066, 37.125244736993338 ], [ 59.764161801865534, 37.126188102012783 ], [ 59.765518463851457, 37.126508142060679 ], [ 59.768102219170046, 37.125537872393252 ], [ 59.770539971486336, 37.126544536695526 ], [ 59.776780831121712, 37.123561664471275 ], [ 59.787390110908149, 37.118489599643631 ], [ 59.793227064281957, 37.11558311952443 ], [ 59.795506626459783, 37.115181208284234 ], [ 59.798130088457086, 37.111979490141614 ], [ 59.801020437775243, 37.111077937958072 ], [ 59.804504587076316, 37.110974677243156 ], [ 59.807508288019356, 37.109945332540121 ], [ 59.811840063520414, 37.106068827131722 ], [ 59.81414264922762, 37.105532114341266 ], [ 59.819718201698997, 37.10526759801337 ], [ 59.820842352277985, 37.104836717641227 ], [ 59.825329483664213, 37.100616417405334 ], [ 59.829566707690155, 37.098058047591067 ], [ 59.832493368650503, 37.100303220129909 ], [ 59.835734821458928, 37.100628270780511 ], [ 59.842083188617465, 37.096331842875244 ], [ 59.848775239653889, 37.090372072775061 ], [ 59.852687775701227, 37.086214530584861 ], [ 59.859990127107018, 37.078753495382713 ], [ 59.861457151243826, 37.077372669621148 ], [ 59.867257248140461, 37.07468307825485 ], [ 59.871870937632565, 37.069029705692252 ], [ 59.874022043819487, 37.069922163071304 ], [ 59.877853916554564, 37.068969114422792 ], [ 59.884203886396655, 37.065127775810467 ], [ 59.88985430391272, 37.062093801364526 ], [ 59.898983107329371, 37.053874701126517 ], [ 59.905815174359056, 37.053575391879711 ], [ 59.911328900814979, 37.051001063248087 ], [ 59.916701782494805, 37.048540316889003 ], [ 59.92375101468798, 37.044118857422788 ], [ 59.930988879257079, 37.042553365430727 ], [ 59.940263621909587, 37.042763332887276 ], [ 59.958486059349127, 37.043173742034398 ], [ 59.968723209127219, 37.044560060074183 ], [ 59.974901479450047, 37.045396266566328 ], [ 59.980793180017677, 37.046972769635531 ], [ 59.983475996994478, 37.047130499325846 ], [ 59.987443601348872, 37.045943020328984 ], [ 59.993538573554453, 37.044271710728893 ], [ 60.000353422021064, 37.044099414441156 ], [ 60.014064046954267, 37.042476021845218 ], [ 60.022380814511749, 37.038060115575419 ], [ 60.029211589152034, 37.034177315584806 ], [ 60.038451405546894, 37.025303625322415 ], [ 60.048425489075264, 37.015627604584466 ], [ 60.053198271442447, 37.011249184042491 ], [ 60.061223547686637, 37.00430718601411 ], [ 60.0639009271585, 37.002208000244423 ], [ 60.076149047781207, 36.989614852569197 ], [ 60.091114188174735, 36.973989888497542 ], [ 60.093998347114031, 36.964977107073295 ], [ 60.09316682212097, 36.956103016919982 ], [ 60.092978518543156, 36.94517769776585 ], [ 60.096847598457295, 36.936530800857838 ], [ 60.102377792038595, 36.929304084683501 ], [ 60.109962095271634, 36.920402887591337 ], [ 60.119543077009538, 36.912207253464707 ], [ 60.120798175857857, 36.912266189801251 ], [ 60.125932827486508, 36.908132957332363 ], [ 60.126760046479674, 36.904819642680373 ], [ 60.13417307745857, 36.900740133730253 ], [ 60.136144029759819, 36.897337592199811 ], [ 60.13484583003229, 36.893628290520049 ], [ 60.139543126680273, 36.889713447628573 ], [ 60.147333159119945, 36.882883737580215 ], [ 60.150434131724644, 36.87559846047818 ], [ 60.156793805527862, 36.868849398973644 ], [ 60.160653498926841, 36.864341322027911 ], [ 60.160205622842838, 36.860767060646161 ], [ 60.166494979157271, 36.85182975877035 ], [ 60.186945986308913, 36.832760612544718 ], [ 60.194994446851368, 36.830647091894612 ], [ 60.195899134036083, 36.829173949249487 ], [ 60.197895644627259, 36.829106010960544 ], [ 60.202885498579683, 36.824737013119879 ], [ 60.205628339247895, 36.823650615420156 ], [ 60.211686876894973, 36.825629451229595 ], [ 60.213717958530871, 36.824526313518618 ], [ 60.212240507683887, 36.821847773545528 ], [ 60.209548716855465, 36.817186271761948 ], [ 60.211791039363007, 36.80976530936605 ], [ 60.21912449027046, 36.799127529738563 ], [ 60.22792470816605, 36.791397772108205 ], [ 60.233623796587544, 36.78704182579915 ], [ 60.23610498880651, 36.785146488526991 ], [ 60.242474660734857, 36.781956557106348 ], [ 60.245050079781848, 36.781554224503459 ], [ 60.246352513008048, 36.776645628074867 ], [ 60.249823714843714, 36.773853089229249 ], [ 60.257364945093251, 36.76972268017893 ], [ 60.263474135465565, 36.765935608144439 ], [ 60.266738366416838, 36.758677017912177 ], [ 60.26872358422019, 36.754981568379804 ], [ 60.269108712921145, 36.751708898982827 ], [ 60.268168922293057, 36.749763107623963 ], [ 60.26976498080375, 36.743736086918787 ], [ 60.270348853731335, 36.740780279637747 ], [ 60.271927962246863, 36.738621514222324 ], [ 60.275221055207702, 36.735899585172312 ], [ 60.278380410012424, 36.730899324198553 ], [ 60.280545524946135, 36.725101993312649 ], [ 60.300798949867506, 36.690104329029673 ], [ 60.311840511244384, 36.673742288698783 ], [ 60.325296439647161, 36.658411023525638 ], [ 60.339315947326469, 36.643076002600822 ], [ 60.340884198629482, 36.642739069620916 ], [ 60.344305017418407, 36.6421765310442 ], [ 60.344468005774253, 36.636601173851219 ], [ 60.344344616529916, 36.631367264074264 ], [ 60.353606446746568, 36.630245714284072 ], [ 60.35839190445035, 36.63025021190434 ], [ 60.398327834315147, 36.629189999850844 ], [ 60.499816695502354, 36.626403704481767 ], [ 60.502734031666762, 36.628895324615364 ], [ 60.605960563324096, 36.629927286817626 ], [ 60.674195476085366, 36.62338277764465 ], [ 60.742301496844476, 36.627629386658512 ], [ 60.749759275978739, 36.625904157166545 ], [ 60.755489301051945, 36.625924356262416 ], [ 60.762412395363803, 36.626874263713091 ], [ 60.764520806740173, 36.626699530263082 ], [ 60.766874189049467, 36.626359520662639 ], [ 60.768286121538601, 36.626294136715615 ], [ 60.773084650888613, 36.626761936596814 ], [ 60.776847233211654, 36.626839728547772 ], [ 60.779371676866603, 36.62694495903019 ], [ 60.781052253472787, 36.6272818481606 ], [ 60.783870725371813, 36.627709774459838 ], [ 60.78609831243007, 36.627731987166094 ], [ 60.788576072513472, 36.627536717159153 ], [ 60.791221513472287, 36.627942568799199 ], [ 60.792705429718453, 36.628117381482717 ], [ 60.79428732850981, 36.628412960907148 ], [ 60.797587653803632, 36.628520526697415 ], [ 60.801789612657203, 36.62836671909789 ], [ 60.803323993406252, 36.628461805166538 ], [ 60.808716265041483, 36.628974065311318 ], [ 60.812503330459471, 36.629111061259721 ], [ 60.816015768769255, 36.629445146829575 ], [ 60.817328092990437, 36.629457810712857 ], [ 60.821782974272175, 36.629640912285005 ], [ 60.830608098832755, 36.629755347028173 ], [ 60.833070881086009, 36.629868800178734 ], [ 60.835617854413066, 36.63019295357649 ], [ 60.837794808111347, 36.630413967531247 ], [ 60.842572048253047, 36.630539075329118 ], [ 60.844130302184183, 36.630733577768289 ], [ 60.850664143068776, 36.631015257742874 ], [ 60.853065372796124, 36.631057555397391 ], [ 60.854850004755079, 36.630814675602416 ], [ 60.85739909990302, 36.630918267569577 ], [ 60.860762402407168, 36.631369676561 ], [ 60.862692129780221, 36.631527408229168 ], [ 60.864412839148507, 36.631566704784319 ], [ 60.867121173928439, 36.631848297871194 ], [ 60.869818846908124, 36.631953113041526 ], [ 60.875510495885976, 36.632325315841854 ], [ 60.881027147214375, 36.632875765351564 ], [ 60.883649906100288, 36.633059416447757 ], [ 60.887140682623745, 36.633091591393409 ], [ 60.889368203571593, 36.633171718687947 ], [ 60.893795470739406, 36.633691434722245 ], [ 60.896444086979848, 36.633755092426 ], [ 60.900204842930421, 36.634068837050641 ], [ 60.903893302423299, 36.634121814697473 ], [ 60.906047829209776, 36.634061153357827 ], [ 60.909041329392544, 36.634367798519023 ], [ 60.912827916064096, 36.634581227511298 ], [ 60.916710277272941, 36.635115496033528 ], [ 60.924185372635563, 36.635381029066053 ], [ 60.925521639665718, 36.635492867131205 ], [ 60.927895913149968, 36.635793320110267 ], [ 60.930073124141956, 36.636012627510638 ], [ 60.93524765180743, 36.636017590901339 ], [ 60.938341341234761, 36.636144399216256 ], [ 60.942993520919636, 36.636504372280243 ], [ 60.946059662920867, 36.637010367062722 ], [ 60.949303101637312, 36.637018127478115 ], [ 60.951752925970411, 36.637179046238899 ], [ 60.956203996905003, 36.637916483131058 ], [ 60.958925206394561, 36.638199277390846 ], [ 60.961968667630735, 36.638445172987595 ], [ 60.977090716750993, 36.639231495495487 ], [ 60.980245004696826, 36.639214497500504 ], [ 61.000236182850074, 36.637693580286175 ], [ 61.028663297244755, 36.639838734178099 ], [ 61.054109228615978, 36.641852154231906 ], [ 61.106242554631805, 36.64302751389225 ], [ 61.139285236479289, 36.644545167713837 ], [ 61.139861173812449, 36.643075231560154 ], [ 61.140014836503276, 36.640246021029824 ], [ 61.140734348270577, 36.638437885615438 ], [ 61.139603441924478, 36.636395702458458 ], [ 61.143166943131646, 36.635733472269195 ], [ 61.147858065277148, 36.638018647355302 ], [ 61.150149528866287, 36.634974377305561 ], [ 61.150728432288489, 36.632599008461767 ], [ 61.151733346376353, 36.630567105436384 ], [ 61.151315969500743, 36.628187570819073 ], [ 61.154182114067893, 36.623558443351129 ], [ 61.158181181286075, 36.620748253666605 ], [ 61.160617968164658, 36.616570591371733 ], [ 61.162342423524784, 36.612502920687582 ], [ 61.165645931961294, 36.60504584355391 ], [ 61.167932561035229, 36.602679272275253 ], [ 61.168228752885071, 36.599737054072541 ], [ 61.170231996525423, 36.597031135159177 ], [ 61.171667935507017, 36.59375469739782 ], [ 61.17125221777173, 36.590582497888221 ], [ 61.171976179321746, 36.587416123594089 ], [ 61.174119155257657, 36.585275083642095 ], [ 61.177540612589262, 36.583932193082731 ], [ 61.179396639486107, 36.582242330273964 ], [ 61.179974892310263, 36.579981715521271 ], [ 61.179411424510576, 36.578280656390461 ], [ 61.179852620231976, 36.574434895638035 ], [ 61.182572378105576, 36.570030902755342 ], [ 61.184580068424438, 36.56585185125865 ], [ 61.183745732277053, 36.560527774704191 ], [ 61.181902845695916, 36.558596114636494 ], [ 61.181348615800346, 36.554404090789859 ], [ 61.182360375534778, 36.55010852826593 ], [ 61.182368008148003, 36.548182853294783 ], [ 61.181106010677013, 36.542970320073394 ], [ 61.176850257804794, 36.539781795690551 ], [ 61.177008384980901, 36.53559447839028 ], [ 61.179296583864243, 36.532322407031309 ], [ 61.178608908481849, 36.525979831382585 ], [ 61.17350061607813, 36.522901579044635 ], [ 61.167681120789553, 36.519818249985903 ], [ 61.163158211828943, 36.512780730533564 ], [ 61.159200009321431, 36.506874415937546 ], [ 61.156933577064443, 36.504713604281953 ], [ 61.160217557524014, 36.501333470648284 ], [ 61.160816628754844, 36.499502579213527 ], [ 61.161699969247437, 36.496696286350371 ], [ 61.156787940181118, 36.487012587038237 ], [ 61.157456233173988, 36.483709934261483 ], [ 61.161413773535578, 36.481870380902023 ], [ 61.165674760721934, 36.481505768031617 ], [ 61.168048531891515, 36.478196790136025 ], [ 61.169821352048722, 36.47250053565601 ], [ 61.172900882578816, 36.468844773464973 ], [ 61.173798046623958, 36.461447429238184 ], [ 61.171496699981169, 36.459413238909328 ], [ 61.164219533095803, 36.457291096649463 ], [ 61.158649514924427, 36.455272665022157 ], [ 61.157899962187599, 36.452318870028087 ], [ 61.160268799719134, 36.448667872271933 ], [ 61.160455676439838, 36.447879180568627 ], [ 61.161481022531738, 36.443542602656677 ], [ 61.164129307020843, 36.43954981746203 ], [ 61.161484959828876, 36.43296723885468 ], [ 61.164206752705873, 36.423739245954351 ], [ 61.16629939814819, 36.420772118831763 ], [ 61.166845288462049, 36.419064297480531 ], [ 61.165081032216833, 36.414522830711846 ], [ 61.158475043204284, 36.409099656131481 ], [ 61.154325016566816, 36.406731986023807 ], [ 61.151734522771129, 36.404129421010566 ], [ 61.145724883056786, 36.400746156006896 ], [ 61.141708394812099, 36.397697230405214 ], [ 61.141355247663832, 36.392239337209375 ], [ 61.14597925988366, 36.387325384426788 ], [ 61.147506381553015, 36.384589450025608 ], [ 61.147162739382246, 36.379926337540908 ], [ 61.149397057509681, 36.376958658829295 ], [ 61.150764733752162, 36.372856972035123 ], [ 61.149615472513474, 36.371839558317191 ], [ 61.148744758768999, 36.370365605804714 ], [ 61.149421170670067, 36.367747427748689 ], [ 61.145966069932641, 36.364010627411929 ], [ 61.14424800902917, 36.362881760412243 ], [ 61.145205043745527, 36.360034508998922 ], [ 61.148020320956896, 36.358200420383362 ], [ 61.150537997837482, 36.355231025224661 ], [ 61.149498012428424, 36.35159660512425 ], [ 61.148213160750039, 36.351034790210711 ], [ 61.147448476306124, 36.346716446430811 ], [ 61.145516581909305, 36.339901428602879 ], [ 61.148327562916563, 36.337727387877173 ], [ 61.151110778300648, 36.333391966689277 ], [ 61.157015520402553, 36.32903961866041 ], [ 61.160111370304087, 36.326978407231309 ], [ 61.160647821628572, 36.324586225027588 ], [ 61.159204493426934, 36.322661029325381 ], [ 61.1569265995102, 36.322103145535515 ], [ 61.153848613089316, 36.325530842713661 ], [ 61.148861663659282, 36.323962619246366 ], [ 61.149390577228012, 36.320890516505727 ], [ 61.149615198401364, 36.316226164388887 ], [ 61.15339209513202, 36.311999528663293 ], [ 61.156953907613946, 36.313119277923271 ], [ 61.160658546143075, 36.314350629604149 ], [ 61.162334729636655, 36.312295890996452 ], [ 61.158322412689557, 36.309244994307981 ], [ 61.154608059854262, 36.307216555133984 ], [ 61.156259525862623, 36.303227965719515 ], [ 61.157479520942246, 36.298784935467424 ], [ 61.162400018864709, 36.295348129816794 ], [ 61.164104194090442, 36.29545467813827 ], [ 61.16685849368298, 36.289070293143361 ], [ 61.171422348347974, 36.290980496859383 ], [ 61.170810935513003, 36.287573231596021 ], [ 61.171635169396168, 36.285521459506754 ], [ 61.175594430501889, 36.284591604750347 ], [ 61.17961951246464, 36.277859044735926 ], [ 61.178182191084304, 36.276388830613598 ], [ 61.176460189175735, 36.274805537791984 ], [ 61.176019529054692, 36.273671290941444 ], [ 61.178118858309183, 36.271498902637425 ], [ 61.181368143019, 36.270571110286788 ], [ 61.181636597598001, 36.269432408803631 ], [ 61.179756672946745, 36.266600555882185 ], [ 61.184389513360976, 36.263049972694091 ], [ 61.188182029694303, 36.260301598583411 ], [ 61.187709163941868, 36.25666389717297 ], [ 61.187660712549977, 36.252910905744017 ], [ 61.185523999873105, 36.252010267996084 ], [ 61.182420307387936, 36.252822240053987 ], [ 61.180451772977584, 36.25099610260375 ], [ 61.181870981135674, 36.248465433198866 ], [ 61.184677952136859, 36.245386269002033 ], [ 61.18721098404658, 36.243442639071134 ], [ 61.190999238016062, 36.23922312348504 ], [ 61.191110249911688, 36.235248855000918 ], [ 61.189953099704105, 36.231962646783373 ], [ 61.188213157504556, 36.226519813426762 ], [ 61.193709625183132, 36.223655320730693 ], [ 61.198093308573839, 36.22340525663671 ], [ 61.200765197440035, 36.221234790959912 ], [ 61.204396144245557, 36.215198827283345 ], [ 61.204925521461298, 36.210542502785195 ], [ 61.205179601908377, 36.206794316720746 ], [ 61.206699658382057, 36.202245363124526 ], [ 61.207512484093598, 36.197698862077807 ], [ 61.207626933955567, 36.194292180591198 ], [ 61.211003803073858, 36.192004235825841 ], [ 61.21691972656734, 36.189022100538139 ], [ 61.221849314807258, 36.186499988445817 ], [ 61.224217840582938, 36.182059527807922 ], [ 61.224749820839861, 36.177855863539868 ], [ 61.22272853962459, 36.172643851932698 ], [ 61.222986209000467, 36.169575870544783 ], [ 61.222499724159228, 36.161744821917758 ], [ 61.220623961775566, 36.156986264182905 ], [ 61.216343651813702, 36.152012737414807 ], [ 61.21504317697805, 36.148385788018089 ], [ 61.219797790791446, 36.141890215631207 ], [ 61.219063393045943, 36.138374817502132 ], [ 61.214663313359928, 36.136012833632073 ], [ 61.210259388525088, 36.133083104832657 ], [ 61.209235429808075, 36.128660517827683 ], [ 61.210337751898436, 36.125021115898697 ], [ 61.215541080516772, 36.121814303625328 ], [ 61.221468488678845, 36.120877233206663 ], [ 61.227268193061001, 36.121754306261494 ], [ 61.228803618576087, 36.119362764760695 ], [ 61.22778470464754, 36.115620522893302 ], [ 61.225485065847295, 36.11075133411633 ], [ 61.220398603697056, 36.110664406665641 ], [ 61.216172941419721, 36.112273813371004 ], [ 61.212218909570197, 36.112522237073918 ], [ 61.20908863410056, 36.109699228733042 ], [ 61.207369206429313, 36.106528950884837 ], [ 61.205364829103026, 36.103131707942914 ], [ 61.204627015506752, 36.09904859025719 ], [ 61.202877482944785, 36.091905306789933 ], [ 61.200456427388772, 36.089304831400177 ], [ 61.19619272483731, 36.085805422931116 ], [ 61.192485321607528, 36.08105488023201 ], [ 61.190894220494975, 36.076067623328434 ], [ 61.185918093478527, 36.07154978204607 ], [ 61.180956484931855, 36.068961900689082 ], [ 61.179662122021099, 36.065676665785105 ], [ 61.180062977999533, 36.062607293348677 ], [ 61.181012929485163, 36.057381611342798 ], [ 61.18125730235996, 36.052155881768883 ], [ 61.175697476033434, 36.04469008806619 ], [ 61.172579535853409, 36.043000994220066 ], [ 61.167765868960508, 36.040978635425063 ], [ 61.163935257884297, 36.038271126360357 ], [ 61.161232600569001, 36.035332191199522 ], [ 61.160352024953724, 36.030567443009744 ], [ 61.162716099889188, 36.025560622596252 ], [ 61.166490694589953, 36.020432406027638 ], [ 61.168995681401, 36.015539059836534 ], [ 61.170936992548576, 36.010648699432586 ], [ 61.169377372630294, 36.009634007860072 ], [ 61.16641114214125, 36.009193345217653 ], [ 61.163720027612406, 36.007729661207641 ], [ 61.163420312987611, 36.005232219017564 ], [ 61.163116795538258, 36.002162673827769 ], [ 61.165122351962559, 35.999358874207218 ], [ 61.168158446017024, 35.992691812612762 ], [ 61.167890962835862, 35.989739744780131 ], [ 61.163384907469386, 35.989721475689862 ], [ 61.155089077494466, 35.987187575949328 ], [ 61.147918512546639, 35.984999662879012 ], [ 61.14075400331641, 35.981675899511679 ], [ 61.138388879045877, 35.97610361414683 ], [ 61.130681707195286, 35.968598180548639 ], [ 61.125481003771945, 35.96741879281668 ], [ 61.117888009344476, 35.96579381866335 ], [ 61.114245902374961, 35.962370707398222 ], [ 61.115392784655803, 35.958631008488446 ], [ 61.118787157262162, 35.955580663814231 ], [ 61.123143353173297, 35.957076882935198 ], [ 61.125946194930563, 35.959358777003956 ], [ 61.12891778464703, 35.9564225162135 ], [ 61.132875310700811, 35.953373972486588 ], [ 61.136128993063593, 35.950211122140573 ], [ 61.141767639235972, 35.948531730912023 ], [ 61.150078402148189, 35.947093001028875 ], [ 61.15569110964055, 35.950522242461638 ], [ 61.161318620437932, 35.951114959597568 ], [ 61.168534815995415, 35.951745067897939 ], [ 61.17346050021299, 35.950897552550792 ], [ 61.178125272620214, 35.9486592405379 ], [ 61.18912597295656, 35.946008182982901 ], [ 61.191556548185424, 35.941597516947319 ], [ 61.196387062264321, 35.936294706549852 ], [ 61.20287645383987, 35.934407933483477 ], [ 61.210638713434342, 35.931621742536812 ], [ 61.21729782810047, 35.926217606666498 ], [ 61.220575963884848, 35.921131201818682 ], [ 61.222012792167, 35.917506045488096 ], [ 61.227093676881374, 35.915497183637314 ], [ 61.232732323735455, 35.914056791856034 ], [ 61.232336834474623, 35.910877044558767 ], [ 61.232363134818584, 35.907583778143596 ], [ 61.232548726873695, 35.902136691758813 ], [ 61.231589392501178, 35.899066302265147 ], [ 61.226272928808733, 35.895626846267852 ], [ 61.224738692538054, 35.894026292275839 ], [ 61.225186216752647, 35.89096409606497 ], [ 61.227874470654051, 35.88905268849512 ], [ 61.231376831189827, 35.890664737928134 ], [ 61.236277768232739, 35.893307492496803 ], [ 61.242196852618136, 35.891755768516454 ], [ 61.241109292542127, 35.887093220391598 ], [ 61.235654832619126, 35.88342694601473 ], [ 61.235829427294462, 35.879227815499604 ], [ 61.235438932335065, 35.875365552377026 ], [ 61.238279117653754, 35.871978203210169 ], [ 61.239024080709747, 35.866761917213452 ], [ 61.241583259735556, 35.863258016779199 ], [ 61.24641939864361, 35.856250744034149 ], [ 61.248882789882359, 35.855827442461724 ], [ 61.254167718570542, 35.85289128582825 ], [ 61.255968585123888, 35.84925552125442 ], [ 61.255514859549358, 35.844947380413039 ], [ 61.260098788179505, 35.837666766960893 ], [ 61.258793719787924, 35.832343034607547 ], [ 61.255399378016627, 35.829520975841653 ], [ 61.256373265013643, 35.828156588792893 ], [ 61.26084088364766, 35.824167817986314 ], [ 61.258123019764732, 35.817827510962942 ], [ 61.254183236408956, 35.817163509869658 ], [ 61.251922533167814, 35.815473382719588 ], [ 61.258896284088621, 35.808410268645865 ], [ 61.264477516844202, 35.803169287880763 ], [ 61.263481282780816, 35.801471847476407 ], [ 61.257291624927618, 35.800477765929159 ], [ 61.255170479264237, 35.798672540682709 ], [ 61.253604997216861, 35.795956413655418 ], [ 61.251196694235261, 35.793244422931551 ], [ 61.250901306184858, 35.791205275075946 ], [ 61.249643017000146, 35.790684696959261 ], [ 61.248224081654257, 35.786292456568852 ], [ 61.248504515719659, 35.784003848329881 ], [ 61.249285803302598, 35.781083722691605 ], [ 61.250805286216661, 35.778160683406185 ], [ 61.248949676670655, 35.775534844772451 ], [ 61.247900431003465, 35.772305319524321 ], [ 61.249066786956853, 35.767051338524112 ], [ 61.252674168525679, 35.764769401099237 ], [ 61.253486649534238, 35.760683464536733 ], [ 61.253327914137337, 35.758186977969203 ], [ 61.248975397332892, 35.754934928054162 ], [ 61.248122739169659, 35.753949772549802 ], [ 61.245188795132883, 35.751288962757997 ], [ 61.24616859900275, 35.74528534197762 ], [ 61.244383342933702, 35.741064990792964 ], [ 61.243858719806099, 35.737535979027903 ], [ 61.245861317792297, 35.734711649714619 ], [ 61.248857125337118, 35.731099162886728 ], [ 61.248902231471661, 35.727008107257177 ], [ 61.247117338411343, 35.72278551749416 ], [ 61.245886821917885, 35.719478639183968 ], [ 61.242255118848718, 35.716831924394462 ], [ 61.236502312534554, 35.715078875890327 ], [ 61.235141698089116, 35.710859725501969 ], [ 61.237012922584995, 35.707125702168206 ], [ 61.235366641734736, 35.703245001448977 ], [ 61.226195347745019, 35.705212442012353 ], [ 61.224090772555982, 35.704625905165877 ], [ 61.224672593003667, 35.702924049082313 ], [ 61.227808250932426, 35.699428974266525 ], [ 61.226437969213713, 35.696119816070528 ], [ 61.22209287307372, 35.694489625825938 ], [ 61.220012357894888, 35.691742551342969 ], [ 61.221331747854421, 35.687095038312115 ], [ 61.22077309447549, 35.683612051507687 ], [ 61.219863182699207, 35.680032800554542 ], [ 61.220185625880774, 35.676398504147812 ], [ 61.221767133414524, 35.673455911578124 ], [ 61.225647005463983, 35.666215569595984 ], [ 61.227520671053043, 35.662251919779536 ], [ 61.228401804883113, 35.658963570700109 ], [ 61.229150861312355, 35.654877972922186 ], [ 61.228195692737678, 35.652255145267176 ], [ 61.227950101889242, 35.649070136469213 ], [ 61.230071230388617, 35.648063954416997 ], [ 61.231576164752241, 35.6518302117396 ], [ 61.233947065992062, 35.653668763881669 ], [ 61.239182636855041, 35.650872627843931 ], [ 61.243145987931619, 35.648632828001844 ], [ 61.247107342399957, 35.646507823164349 ], [ 61.249611181050348, 35.642649169825454 ], [ 61.251243600497297, 35.637015781358151 ], [ 61.24983795256307, 35.630771544425016 ], [ 61.249695777554223, 35.627139457322698 ], [ 61.257830466802559, 35.62259784107183 ], [ 61.263159910725847, 35.620441497498575 ], [ 61.2711530205709, 35.616354234048437 ], [ 61.272133866249554, 35.613857140453959 ], [ 61.272131301403888, 35.610222597663331 ], [ 61.274793747248459, 35.606816856898043 ], [ 61.275914306987872, 35.605341851845729 ], [ 61.276052180780063, 35.601936716881347 ], [ 61.276610841682533, 35.598415870562434 ], [ 61.272542040919113, 35.59523767487898 ], [ 61.269314968108482, 35.592287355523133 ], [ 61.271837104787615, 35.58944720966236 ], [ 61.277022700617223, 35.585928313858297 ], [ 61.276038465676244, 35.581955725529589 ], [ 61.275055914663859, 35.579910730842357 ], [ 61.275053273094677, 35.576733329731709 ], [ 61.270144063447283, 35.572646880208744 ], [ 61.268460574853805, 35.570715791987425 ], [ 61.269860064996479, 35.566628093905528 ], [ 61.269437210906723, 35.563109197422385 ], [ 61.270695967216852, 35.557319311776915 ], [ 61.277000349148878, 35.553233128424047 ], [ 61.281622441611248, 35.548578105328254 ], [ 61.282178726052983, 35.542674769899065 ], [ 61.277551918225925, 35.538700504600655 ], [ 61.276569319640693, 35.536657751314401 ], [ 61.280911272708551, 35.532910870182782 ], [ 61.281050308898301, 35.531548195945952 ], [ 61.278668039068577, 35.531321050127318 ], [ 61.276144876408814, 35.530072899289088 ], [ 61.277825201502658, 35.527575561440941 ], [ 61.27571994162345, 35.521898179972474 ], [ 61.272075489674478, 35.519061143145024 ], [ 61.270812888436907, 35.515541578296329 ], [ 61.267169217872265, 35.514291979761552 ], [ 61.263807021992498, 35.514064093100046 ], [ 61.261984931959809, 35.511680421788817 ], [ 61.261423069185099, 35.507821633931684 ], [ 61.259880735841364, 35.503620079993091 ], [ 61.258904037762854, 35.502133744525239 ], [ 61.259324096612154, 35.499865230176141 ], [ 61.258958227371387, 35.49811889355955 ], [ 61.258433454970273, 35.495444223510283 ], [ 61.257492835920388, 35.493096101109934 ], [ 61.254650041993116, 35.49052408718071 ], [ 61.253214341243563, 35.489908345123553 ], [ 61.252560489856258, 35.488696615313252 ], [ 61.252615202464142, 35.486438625336277 ], [ 61.25278565556696, 35.483145647736407 ], [ 61.252372029753566, 35.481509585550022 ], [ 61.250654256840058, 35.479766251658887 ], [ 61.246860707395001, 35.477219881397865 ], [ 61.24168996641265, 35.473465004213828 ], [ 61.240998031794767, 35.471878210114859 ], [ 61.239483866430497, 35.467008749652827 ], [ 61.237673675564452, 35.465079101592885 ], [ 61.235743629217424, 35.459417400329208 ], [ 61.2360402168744, 35.456592394392892 ], [ 61.233538003659817, 35.453075832955598 ], [ 61.229912597790189, 35.450121768548961 ], [ 61.224044458006077, 35.447495259846093 ], [ 61.223648489619457, 35.443310822008904 ], [ 61.226745534958468, 35.44060781179369 ], [ 61.230829345525301, 35.436779269127157 ], [ 61.233787341622431, 35.433851074332004 ], [ 61.231151801979195, 35.429429110440118 ], [ 61.224896419559236, 35.421374757911053 ], [ 61.219435389619555, 35.421238495873325 ], [ 61.214814432621729, 35.421220188537674 ], [ 61.213577479902703, 35.417255316463098 ], [ 61.210517758275564, 35.413736612148021 ], [ 61.206455543406342, 35.414059570121275 ], [ 61.201834399864715, 35.414040754935186 ], [ 61.199050058201458, 35.411426856758368 ], [ 61.19766455104606, 35.409045431265014 ], [ 61.191791196271637, 35.407890209200779 ], [ 61.189158763565189, 35.403354496588356 ], [ 61.189039190955668, 35.40018758719328 ], [ 61.191298396455657, 35.397029221935547 ], [ 61.193139420676225, 35.393758656720046 ], [ 61.194153790015093, 35.388220802152141 ], [ 61.195126663150781, 35.389354908272026 ], [ 61.19791236614212, 35.391628828423038 ], [ 61.199877437290745, 35.390732191185741 ], [ 61.196269484022707, 35.385627909164967 ], [ 61.193625514377807, 35.383128511869863 ], [ 61.196577867533286, 35.381104504012697 ], [ 61.200650161393668, 35.378973206093526 ], [ 61.201086230093466, 35.376260682234175 ], [ 61.199417068539042, 35.374670189905864 ], [ 61.195343726798605, 35.376914078839754 ], [ 61.19100052212498, 35.37768722948271 ], [ 61.188220263458433, 35.374622467115756 ], [ 61.185156235781747, 35.372233686580408 ], [ 61.186307163002972, 35.367375964559805 ], [ 61.186347633191637, 35.361041809411297 ], [ 61.18369994619038, 35.359220145563462 ], [ 61.178799570057798, 35.35965102415571 ], [ 61.178255679324259, 35.357160280342292 ], [ 61.178137956242097, 35.353765808410856 ], [ 61.177091284552979, 35.350974206844114 ], [ 61.17661084296256, 35.349832589794204 ], [ 61.176496319590392, 35.348128188860393 ], [ 61.175964269179204, 35.343802715667607 ], [ 61.181458144923816, 35.337947283974884 ], [ 61.183156947115442, 35.334900065698271 ], [ 61.185842615244965, 35.33050028934742 ], [ 61.186149880619737, 35.326204375264865 ], [ 61.189809622413385, 35.322713482791073 ], [ 61.191504237592781, 35.32012122239302 ], [ 61.187592626149367, 35.319424931882651 ], [ 61.187894358001813, 35.315919675545793 ], [ 61.188907045019391, 35.310721973626841 ], [ 61.18697538390871, 35.306640175672158 ], [ 61.19020785564944, 35.304053079018971 ], [ 61.192307013209145, 35.303836796591447 ], [ 61.187577170104788, 35.299969779410887 ], [ 61.188723822575739, 35.295677460285987 ], [ 61.185097319293185, 35.294304941244711 ], [ 61.178096892351725, 35.295629709673065 ], [ 61.174477345292381, 35.293238688646973 ], [ 61.168471267865954, 35.292304855956004 ], [ 61.165267233740181, 35.290480826759776 ], [ 61.165980880149647, 35.288335744240349 ], [ 61.166828874126246, 35.286981202543913 ], [ 61.16182050146837, 35.283338502636084 ], [ 61.160450728396775, 35.279147547106255 ], [ 61.157663879748632, 35.277777947391918 ], [ 61.155984243874826, 35.278108133157218 ], [ 61.155817862556162, 35.281953471077443 ], [ 61.155646557585619, 35.286591713396859 ], [ 61.150330069548332, 35.287131851598815 ], [ 61.145024527924861, 35.286088154229873 ], [ 61.140699806877755, 35.284710199424559 ], [ 61.136238304530778, 35.282877140249006 ], [ 61.131352827953961, 35.281834797078673 ], [ 61.129392714448926, 35.282164805263129 ], [ 61.126170354312265, 35.283166722995055 ], [ 61.123247130782062, 35.281343591988801 ], [ 61.118637294307952, 35.280868251373811 ], [ 61.11778649865137, 35.282447786330522 ], [ 61.115857530156333, 35.284238268092999 ], [ 61.113158606426026, 35.284346594801974 ], [ 61.108399512229788, 35.285114424731013 ], [ 61.103811845057777, 35.281583867007853 ], [ 61.098408621048918, 35.274994170821167 ], [ 61.094256558674978, 35.269543706748152 ], [ 61.091504594393491, 35.26376162535685 ], [ 61.095433455963899, 35.261744491782821 ], [ 61.097824965413864, 35.259835769011438 ], [ 61.097985393528873, 35.25575412356195 ], [ 61.097722995984647, 35.251801917234715 ], [ 61.097614774407759, 35.250848624872454 ], [ 61.099265593821883, 35.246189824470981 ], [ 61.098835293303566, 35.243697050997312 ], [ 61.096456731338662, 35.242122818530326 ], [ 61.099087526226064, 35.238254507652236 ], [ 61.102843381969222, 35.236304738675329 ], [ 61.099473421784516, 35.231447362607774 ], [ 61.100416576438676, 35.224640280461671 ], [ 61.098863742163758, 35.220679222991095 ], [ 61.102063727689774, 35.219301428114768 ], [ 61.10330776942974, 35.217139813921278 ], [ 61.114028843000689, 35.21435918652454 ], [ 61.116959980245348, 35.215021122551697 ], [ 61.117908455797483, 35.20968667499573 ], [ 61.113854756073479, 35.207441755464139 ], [ 61.108418950812798, 35.207473174123173 ], [ 61.104782102920936, 35.20488566905594 ], [ 61.108801043869306, 35.20021345620043 ], [ 61.108501437690386, 35.195905771949072 ], [ 61.107102511910561, 35.194894650282649 ], [ 61.105162071621173, 35.1970584790148 ], [ 61.099997970937935, 35.195612328846202 ], [ 61.103183456971522, 35.191399551834586 ], [ 61.102755492916287, 35.189361634384646 ], [ 61.099965740537939, 35.188922227005058 ], [ 61.096913313960414, 35.191774845349606 ], [ 61.094544870970033, 35.19190056489532 ], [ 61.09244469176469, 35.189871311956509 ], [ 61.095050200155015, 35.18078569085575 ], [ 61.092674314707061, 35.179323827718733 ], [ 61.088483036717058, 35.177080136679962 ], [ 61.086517915421737, 35.173915835021852 ], [ 61.089012667391366, 35.171065621965028 ], [ 61.091237888729438, 35.170147367949028 ], [ 61.092200497431733, 35.167308002008305 ], [ 61.094006190254881, 35.166164446621892 ], [ 61.096656448466902, 35.166829218402121 ], [ 61.101960046427543, 35.168840885171214 ], [ 61.105302219096338, 35.168370615442853 ], [ 61.108076337240007, 35.165860116450503 ], [ 61.105002982655876, 35.164175496710747 ], [ 61.101794925543892, 35.163400495958378 ], [ 61.101232818235196, 35.162382603164694 ], [ 61.10917418297435, 35.16245098698441 ], [ 61.121688707001425, 35.157618926906665 ], [ 61.126414511031648, 35.155438982087809 ], [ 61.125286013620901, 35.152610827900169 ], [ 61.120687467473346, 35.152295741817582 ], [ 61.119167038206903, 35.154684891603665 ], [ 61.114014879036532, 35.155168951543644 ], [ 61.111366138260578, 35.15472971715301 ], [ 61.113304261623817, 35.152223572839986 ], [ 61.116641146785959, 35.150958179527521 ], [ 61.121498141591928, 35.147301300405779 ], [ 61.124271177226966, 35.144792753354956 ], [ 61.12688816757565, 35.138994332744687 ], [ 61.130223662943663, 35.137501168687322 ], [ 61.129642051702774, 35.132628395463584 ], [ 61.133950249912402, 35.130903165190958 ], [ 61.13618887428764, 35.132931730701017 ], [ 61.134541160383456, 35.137475962958902 ], [ 61.136222933346033, 35.139621686665862 ], [ 61.144575908704532, 35.138892963965326 ], [ 61.145676676487582, 35.136391070195202 ], [ 61.142026901306394, 35.130856999703148 ], [ 61.140339866953525, 35.127803920867734 ], [ 61.141722916485953, 35.125869430336728 ], [ 61.138078397408371, 35.121355249300564 ], [ 61.134437042611879, 35.117180913042041 ], [ 61.13107282740534, 35.112776756111089 ], [ 61.130912536421214, 35.108581721174374 ], [ 61.133274578249292, 35.10766058075356 ], [ 61.136625014235882, 35.109457162646386 ], [ 61.142043586228553, 35.107272238744322 ], [ 61.138962117459926, 35.103660865115813 ], [ 61.135617163402713, 35.102886630185381 ], [ 61.135181847897158, 35.099486523902669 ], [ 61.135163094417067, 35.09574408843627 ], [ 61.131819690285155, 35.095309758013101 ], [ 61.132493137452009, 35.090770138888594 ], [ 61.135133300690448, 35.089961575976709 ], [ 61.139605641025533, 35.093451335669677 ], [ 61.143217153422079, 35.091955673650851 ], [ 61.145970410269868, 35.086156998733749 ], [ 61.143721881690361, 35.081975858678021 ], [ 61.140241357240001, 35.08176915875746 ], [ 61.137478632186898, 35.085752802098824 ], [ 61.134133168277351, 35.084751049281067 ], [ 61.136324479298452, 35.077822210875965 ], [ 61.134495575378757, 35.073863725245118 ], [ 61.128794472298267, 35.074802948365566 ], [ 61.125876607196012, 35.075726193773519 ], [ 61.122246229405903, 35.073253644436242 ], [ 61.128062871432412, 35.067664818912945 ], [ 61.127349553650177, 35.064152040356063 ], [ 61.122891438581924, 35.062931449282878 ], [ 61.118181654694801, 35.067378482160017 ], [ 61.111765763085941, 35.064353644111378 ], [ 61.11022113882472, 35.061299946787862 ], [ 61.112576114721335, 35.059131778961536 ], [ 61.11578557174731, 35.061041686720017 ], [ 61.11954261215547, 35.061021736486822 ], [ 61.118696391944596, 35.058758624599591 ], [ 61.113672128240886, 35.055610089107937 ], [ 61.1121210789846, 35.051196311897421 ], [ 61.115450382103738, 35.049138574268504 ], [ 61.115719164939186, 35.047208808370172 ], [ 61.112369421680782, 35.044958817920296 ], [ 61.112625734018394, 35.040308842753866 ], [ 61.112198058897526, 35.038043434671479 ], [ 61.10898478080712, 35.035113281043991 ], [ 61.112867995160606, 35.032708980293677 ], [ 61.112163162682478, 35.030673214677847 ], [ 61.110211945162618, 35.029889262115681 ], [ 61.10520595914938, 35.030142739614263 ], [ 61.103946557572883, 35.028561677469419 ], [ 61.105748785350066, 35.02719294386025 ], [ 61.109790348853437, 35.028983956291491 ], [ 61.112291940707976, 35.028518243808463 ], [ 61.108519826570465, 35.024910147985345 ], [ 61.10836656704732, 35.021962482451116 ], [ 61.11336725566035, 35.02068657996557 ], [ 61.117394238504076, 35.019304513368539 ], [ 61.122392248980752, 35.017463042024076 ], [ 61.123496695081407, 35.01586886381768 ], [ 61.121263077957835, 35.014067219181293 ], [ 61.113051804667009, 35.012638482670539 ], [ 61.110267505769833, 35.012086305527468 ], [ 61.113451114266134, 35.008893767044306 ], [ 61.116233351730756, 35.00910586323274 ], [ 61.116633170717236, 35.005473735163179 ], [ 61.113980358451478, 35.003221509362533 ], [ 61.109251979169514, 35.003020214378523 ], [ 61.109003003025869, 35.001829465229498 ], [ 61.11091628527096, 34.994421258849961 ], [ 61.108842504874495, 34.991793526681178 ], [ 61.1000979711608, 34.9878816738997 ], [ 61.107610062826787, 34.987346375469613 ], [ 61.107205831686301, 34.984498985312911 ], [ 61.100533611448803, 34.983897360171554 ], [ 61.097213166523105, 34.980239089976671 ], [ 61.095431494045179, 34.974764151153252 ], [ 61.099761331414776, 34.970573353870314 ], [ 61.099364263845352, 34.966243781334747 ], [ 61.091922012831297, 34.952544930289179 ], [ 61.090959563078663, 34.950262345208451 ], [ 61.088180071814797, 34.950136079915438 ], [ 61.082333380526379, 34.951815767995768 ], [ 61.081473892338678, 34.950800762217767 ], [ 61.082598401947493, 34.948642370952598 ], [ 61.086928957374944, 34.945022548105619 ], [ 61.087213608362966, 34.943885464708885 ], [ 61.082079111475331, 34.942377275968738 ], [ 61.078763145950873, 34.93905623737087 ], [ 61.076974896090277, 34.935974105712432 ], [ 61.076434989668151, 34.933236394361153 ], [ 61.071014551361131, 34.933321987099951 ], [ 61.06587434086422, 34.93295056711748 ], [ 61.068954813023019, 34.929097229104563 ], [ 61.070508650354483, 34.925004709749778 ], [ 61.074151782397017, 34.920016926262448 ], [ 61.071244973649542, 34.918063593235026 ], [ 61.067233925526253, 34.914966218612697 ], [ 61.071430083167499, 34.910436748469586 ], [ 61.06644601788954, 34.907560644169862 ], [ 61.059622814381456, 34.910026395571663 ], [ 61.058952860623542, 34.906038116638314 ], [ 61.064797581012542, 34.904476245257221 ], [ 61.065228937959432, 34.902089279680965 ], [ 61.064147696161783, 34.897185768508827 ], [ 61.069985440130445, 34.896648601935155 ], [ 61.070835229043169, 34.893922218450626 ], [ 61.075290910598497, 34.892238116826 ], [ 61.077401561385443, 34.887696009112297 ], [ 61.079510730447574, 34.883379130023634 ], [ 61.080099871516019, 34.877805036236957 ], [ 61.080813937191273, 34.874506234962546 ], [ 61.080274256356823, 34.871883366525992 ], [ 61.075959401596862, 34.873452927194769 ], [ 61.070416705341252, 34.871485909825765 ], [ 61.070156219930823, 34.86863820953576 ], [ 61.075173969590011, 34.865592394488672 ], [ 61.070329121799197, 34.863061143517911 ], [ 61.075756435873522, 34.861040975540988 ], [ 61.077986857614633, 34.859686451706409 ], [ 61.073837352841181, 34.857043862538482 ], [ 61.071093281368142, 34.851563104858066 ], [ 61.073897119997845, 34.847139433294004 ], [ 61.076416093540196, 34.843850522878412 ], [ 61.077541885732956, 34.841352100039835 ], [ 61.077694108651876, 34.839189887636024 ], [ 61.073941389880666, 34.839850192083851 ], [ 61.070738864403936, 34.841428138946149 ], [ 61.067980849158438, 34.838452076618822 ], [ 61.06702501222437, 34.835940968108666 ], [ 61.068702601693452, 34.834013514218725 ], [ 61.072050325163261, 34.831300605786758 ], [ 61.069282350741155, 34.830031983068231 ], [ 61.069169418061918, 34.825817197321605 ], [ 61.068233554955896, 34.820006098651142 ], [ 61.074336436303845, 34.820609387740063 ], [ 61.075596373097021, 34.818908627879139 ], [ 61.076303169296885, 34.816749649544576 ], [ 61.069261022500058, 34.810900742579868 ], [ 61.06719389986398, 34.808612856683112 ], [ 61.064733794769722, 34.802562372086655 ], [ 61.061032318025283, 34.795367406644147 ], [ 61.057598624269808, 34.789882513374756 ], [ 61.056933073043758, 34.785436820644819 ], [ 61.05141721461824, 34.780281044122248 ], [ 61.0490978385331, 34.774232613079462 ], [ 61.046078341026828, 34.769318010488142 ], [ 61.044010926513671, 34.767254881359086 ], [ 61.044169292152169, 34.764295212528467 ], [ 61.039630970808155, 34.757539290224869 ], [ 61.037181317510985, 34.752323706663773 ], [ 61.0331397081791, 34.750285273103721 ], [ 61.031465542581877, 34.748810801663581 ], [ 61.028540023534248, 34.747792725077559 ], [ 61.028113797545615, 34.744274111225138 ], [ 61.025464003198579, 34.742231959493218 ], [ 61.022678053947999, 34.741214052925066 ], [ 61.02141692878196, 34.737923077887238 ], [ 61.017793613273305, 34.735770226009443 ], [ 61.016947038193855, 34.731115496495796 ], [ 61.015963175328025, 34.72702790223434 ], [ 61.01401049290552, 34.72521463605527 ], [ 61.013859136881202, 34.720217058736139 ], [ 61.006749705954391, 34.714321072644843 ], [ 61.006734213930784, 34.707736125696769 ], [ 61.004842623503286, 34.671403675169856 ], [ 61.003314848608703, 34.663339179362268 ], [ 61.001618704053797, 34.646209628507577 ], [ 60.989372724830645, 34.627443969503233 ], [ 60.95607399805467, 34.623589617824457 ], [ 60.92559997458175, 34.62635140790244 ], [ 60.916525216666763, 34.60357556127493 ], [ 60.901277342630372, 34.571181323874484 ], [ 60.854804852217967, 34.546053791167246 ], [ 60.833645138153621, 34.54983536014845 ], [ 60.829582920538513, 34.543951773428581 ], [ 60.826848435047552, 34.548515604562375 ], [ 60.753849282567799, 34.531583100249314 ], [ 60.74659334268042, 34.529879828772984 ], [ 60.743384891534667, 34.522284344274674 ], [ 60.745451057420809, 34.51582179195686 ], [ 60.755702754507126, 34.514530859351467 ], [ 60.767275388056753, 34.50468786329975 ], [ 60.768912107614575, 34.502165708025373 ], [ 60.778044516174099, 34.494140026600263 ], [ 60.779142714150062, 34.492767683275353 ], [ 60.796515657942081, 34.485333442182608 ], [ 60.806158659337683, 34.480071067239678 ], [ 60.815461655345914, 34.464312189362317 ], [ 60.822155635562972, 34.451863583428583 ], [ 60.828265105805976, 34.434507102387222 ], [ 60.845497497123738, 34.40754906414508 ], [ 60.848149592946143, 34.393521909880178 ], [ 60.847448261421512, 34.392613618690973 ], [ 60.853294366499391, 34.373294679582465 ], [ 60.872534688201739, 34.354932836038437 ], [ 60.885381135747636, 34.344705620236276 ], [ 60.910505160955204, 34.323569546225606 ], [ 60.914361324255687, 34.312020551645524 ], [ 60.91887450944661, 34.297956693336943 ], [ 60.875923930506119, 34.304127953385809 ], [ 60.821658429515921, 34.31045361749625 ], [ 60.81878359021993, 34.309043273264116 ], [ 60.811185653627042, 34.311303036535492 ], [ 60.78869421723833, 34.310494658521648 ], [ 60.774620809431454, 34.310102981906418 ], [ 60.750000434625164, 34.306931430627969 ], [ 60.7225005247101, 34.305702083913673 ], [ 60.704366813956334, 34.310482925528241 ], [ 60.69001430102918, 34.312581710532648 ], [ 60.681643746726706, 34.308557366562738 ], [ 60.676946458733845, 34.304396802328952 ], [ 60.674695754919568, 34.292300550276508 ], [ 60.671992759029649, 34.280783647408278 ], [ 60.625159429152752, 34.247155960219033 ], [ 60.590760152292702, 34.217131828161413 ], [ 60.564855719952071, 34.17575349010108 ], [ 60.554595198629791, 34.157124117908282 ], [ 60.547685397134217, 34.145541103602653 ], [ 60.524914553651776, 34.127527737627808 ], [ 60.512856439148635, 34.122444397451133 ], [ 60.50033809357393, 34.117611808959495 ], [ 60.468858016064729, 34.083952205054224 ], [ 60.488139933862975, 34.030280618471707 ], [ 60.499429335177332, 34.00169284797758 ], [ 60.50792686271334, 33.990849181997824 ], [ 60.512557966488366, 33.97899524234748 ], [ 60.498462850057095, 33.975671196828088 ], [ 60.491996781948259, 33.973506618471838 ], [ 60.475522897256248, 33.968328992999517 ], [ 60.459595601598821, 33.959052977317128 ], [ 60.44223127775831, 33.947652446790407 ], [ 60.420598901403295, 33.939520970679986 ], [ 60.406170433554337, 33.933834346979893 ], [ 60.403400908135133, 33.932875528436426 ], [ 60.381046248887777, 33.923391572400703 ], [ 60.378550966874641, 33.926622814540281 ], [ 60.372823821548025, 33.931512570526543 ], [ 60.367886882114497, 33.931281899286475 ], [ 60.359345396013829, 33.929656455720675 ], [ 60.345091621548427, 33.937681516220415 ], [ 60.331890578256044, 33.944435887571274 ], [ 60.321658703344752, 33.941368404165175 ], [ 60.294013236683313, 33.933232540965527 ], [ 60.291734238927567, 33.930445705989186 ], [ 60.284734827028636, 33.9256036233689 ], [ 60.268277805028795, 33.924707152090079 ], [ 60.249286568999409, 33.923410554432529 ], [ 60.233592792239392, 33.921586769454464 ], [ 60.212324363799539, 33.919655908362607 ], [ 60.209672303806741, 33.917549360267067 ], [ 60.203839970217921, 33.914132300530632 ], [ 60.202915712777454, 33.909849930788504 ], [ 60.199849559683543, 33.901867331678289 ], [ 60.195704126440397, 33.900234011977005 ], [ 60.18202119928381, 33.894676578649808 ], [ 60.170928823654862, 33.882855774403197 ], [ 60.164336874522611, 33.876056040478211 ], [ 60.157905064058951, 33.876041276865109 ], [ 60.141510232751585, 33.877191789765739 ], [ 60.139210989195753, 33.878356418491776 ], [ 60.133796738089401, 33.880926861703315 ], [ 60.121092834669767, 33.887900159384209 ], [ 60.106502465290482, 33.896259190375339 ], [ 60.100943713026993, 33.898601616877421 ], [ 60.08455527097734, 33.906306123206264 ], [ 60.090593839386017, 33.913005272189956 ], [ 60.094822795091645, 33.918371766928409 ], [ 60.101553057491515, 33.925287138977268 ], [ 60.105522404075394, 33.931222270100513 ], [ 60.113964518001815, 33.941050716755285 ], [ 60.119455482749331, 33.947530595307974 ], [ 60.12171373029831, 33.950436543426356 ], [ 60.114642169869363, 33.958572684699639 ], [ 60.109782831601152, 33.96169772280625 ], [ 60.086978137739059, 33.964858332465631 ], [ 60.049953489414783, 33.969349529961882 ], [ 60.009242699313305, 33.974674670137034 ], [ 59.999114266544787, 33.975271159752651 ], [ 59.968252644941003, 33.977029785346296 ], [ 59.949691742995597, 33.97739760484184 ], [ 59.910780484119229, 33.978000435868886 ], [ 59.87433928439372, 33.97928368644412 ], [ 59.853949377876674, 33.987089880597736 ], [ 59.846780651015656, 33.990557732241811 ], [ 59.834241484540186, 33.995237649098165 ], [ 59.825145528659363, 33.998692352867657 ], [ 59.823555953897603, 34.000045522042356 ], [ 59.813058143171105, 34.008995785813212 ], [ 59.804910143473521, 34.012666238077998 ], [ 59.792504451390187, 34.015727573926519 ], [ 59.785061966162409, 34.017474064828185 ], [ 59.777212878290868, 34.018650093913031 ], [ 59.771695718606303, 34.020300426002514 ], [ 59.762756404263506, 34.02044312439731 ], [ 59.753441790455483, 34.020196430694668 ], [ 59.749796062022412, 34.020097635184612 ], [ 59.720196946795582, 34.029736645923194 ], [ 59.703766705732278, 34.033946464421881 ], [ 59.695961866414493, 34.032932474210625 ], [ 59.673095481655366, 34.030010797083854 ], [ 59.668517931110998, 34.032104902364438 ], [ 59.660528372685242, 34.033245034329589 ], [ 59.649441470299621, 34.043994103563541 ], [ 59.640756767387508, 34.051593873170617 ], [ 59.632526198245223, 34.051139458684467 ], [ 59.622396307903941, 34.049634197407393 ], [ 59.579335274391838, 34.046750356967422 ], [ 59.543780252542248, 34.046006367584496 ], [ 59.517380366856003, 34.047203758369378 ], [ 59.499493979691586, 34.047783810164411 ], [ 59.494602943940073, 34.048980612539118 ], [ 59.487196148380455, 34.050796423626799 ], [ 59.48325955097507, 34.053926429376844 ], [ 59.468654582764316, 34.060208627459012 ], [ 59.466592651447506, 34.062134327173972 ], [ 59.457239232912784, 34.072216528881469 ], [ 59.430039989620383, 34.082988319833646 ], [ 59.417805699546101, 34.090124621901644 ], [ 59.41573981829908, 34.092617575137616 ], [ 59.40706581960449, 34.101902892214767 ], [ 59.396487361854092, 34.104622993387594 ], [ 59.3761483781254, 34.110964288851477 ], [ 59.376127127329475, 34.110964700180318 ], [ 59.375440708487787, 34.110500360167535 ], [ 59.369277526715912, 34.10621048325693 ], [ 59.362979458937829, 34.101116168848847 ], [ 59.336659521919536, 34.090241743333721 ], [ 59.303505432560122, 34.074152349755984 ], [ 59.301426844469994, 34.079019424643782 ], [ 59.298940848342141, 34.082753559716188 ], [ 59.250033733332195, 34.091771626230759 ], [ 59.243504811216546, 34.093943779475964 ], [ 59.237176408434955, 34.09492479245332 ], [ 59.230525031648384, 34.101460830725031 ], [ 59.221175393279793, 34.111769070505296 ], [ 59.202027502124835, 34.113676077405515 ], [ 59.172700625654947, 34.117613538039578 ], [ 59.15484084118529, 34.113830394577306 ], [ 59.140847319422292, 34.110117012618403 ], [ 59.101335889087615, 34.125142585138782 ], [ 59.093884581310036, 34.125215815900319 ], [ 59.085208486231267, 34.126434214698648 ], [ 59.034038074829795, 34.12851003953282 ], [ 59.028234007936497, 34.118243719531087 ], [ 59.015250057739742, 34.11734172834764 ], [ 59.002002441269035, 34.117348833967284 ], [ 59.000662175569957, 34.110215932771283 ], [ 58.999845127092364, 34.10103670556191 ], [ 58.989067641243395, 34.09417192962826 ], [ 58.987246024432537, 34.092366510615626 ], [ 58.969798540768949, 34.079543930017103 ], [ 58.969074037528472, 34.077269785248632 ], [ 58.967463699613688, 34.071245303948757 ], [ 58.928599140832141, 34.076345877649146 ], [ 58.900142086753753, 34.080880133894745 ], [ 58.897613451105975, 34.080131930064752 ], [ 58.892537953983812, 34.079807286909343 ], [ 58.889095941803866, 34.080295336989849 ], [ 58.883326509337991, 34.082056576458477 ], [ 58.876467574437271, 34.084853116354651 ], [ 58.869874036988172, 34.087540920907372 ], [ 58.855326897895978, 34.102362936079757 ], [ 58.847773895416488, 34.105048918941748 ], [ 58.841560908960687, 34.104873993447725 ], [ 58.839588609955683, 34.105095136833214 ], [ 58.834526021316648, 34.105164140169848 ], [ 58.831761024607033, 34.104844734446665 ], [ 58.830227299595464, 34.103717929694646 ], [ 58.828687178419898, 34.102135839048096 ], [ 58.826737957903269, 34.100897953282811 ], [ 58.824638459519555, 34.098751544868087 ], [ 58.806070372580528, 34.093207729540282 ], [ 58.793443559186784, 34.088070395162632 ], [ 58.791648439483104, 34.08797035273421 ], [ 58.787240783087938, 34.088577848559055 ], [ 58.784217646201277, 34.089512243511166 ], [ 58.782296773229604, 34.090326878054476 ], [ 58.775388532141037, 34.089698790973358 ], [ 58.770271083391023, 34.088828104226579 ], [ 58.760604888976452, 34.088335833454437 ], [ 58.759087190165836, 34.088348560935692 ], [ 58.757298131975297, 34.088703297220071 ], [ 58.749984044891605, 34.088647664413656 ], [ 58.748731495908672, 34.088060356335845 ], [ 58.743614150108684, 34.087373403021978 ], [ 58.739066368263458, 34.087246258228241 ], [ 58.730571114479694, 34.088455072249317 ], [ 58.724808301852647, 34.089036586788495 ], [ 58.71515113886494, 34.092546528324043 ], [ 58.698670578147564, 34.097908654451729 ], [ 58.690888150869931, 34.099896153669526 ], [ 58.685127747336544, 34.10058850425186 ], [ 58.682810070756787, 34.099214709050301 ], [ 58.679066782789619, 34.096392796582791 ], [ 58.675360959160244, 34.092602016879923 ], [ 58.671923239278989, 34.088577526365704 ], [ 58.669028340228195, 34.084313360753271 ], [ 58.661148737287093, 34.083342590397251 ], [ 58.657385245366406, 34.081943879953769 ], [ 58.653045778200344, 34.079759272724857 ], [ 58.649810248224256, 34.077663388071407 ], [ 58.647259141025543, 34.075441013816473 ], [ 58.649451297222356, 34.07219351738388 ], [ 58.651964830913052, 34.067830259715606 ], [ 58.615905165317585, 34.055268247367586 ], [ 58.601446205229436, 34.054999876218332 ], [ 58.569760996492754, 34.049732122243348 ], [ 58.558316568416217, 34.053378839037229 ], [ 58.542601265162567, 34.074299540611818 ], [ 58.528170256936825, 34.079427162575264 ], [ 58.524634289330763, 34.080806827444043 ], [ 58.519454500917668, 34.086829384927697 ], [ 58.515226192532452, 34.092492818037378 ], [ 58.499175536092935, 34.081981727584761 ], [ 58.49765113080619, 34.080661474304144 ], [ 58.496303699444177, 34.079613810090905 ], [ 58.495214267000165, 34.079135611739915 ], [ 58.493727326235067, 34.078082852749567 ], [ 58.490986813279832, 34.077457852234211 ], [ 58.48889553866838, 34.078328619303569 ], [ 58.48624386896735, 34.07953076775766 ], [ 58.479311645512986, 34.080989629075241 ], [ 58.477091581815536, 34.081514567762056 ], [ 58.473753857696614, 34.082587176832952 ], [ 58.469323413590551, 34.083298536295963 ], [ 58.465324026982898, 34.083330523630444 ], [ 58.466229486070901, 34.085515527613033 ], [ 58.463396598752198, 34.098343144246982 ], [ 58.463466164680348, 34.100853737152335 ], [ 58.46217881139534, 34.10253733893277 ], [ 58.460678745172615, 34.106953556622599 ], [ 58.459338478907711, 34.110576556406571 ], [ 58.458139035509987, 34.114085148334375 ], [ 58.458490029930225, 34.116373719706402 ], [ 58.458436553317384, 34.118310896385836 ], [ 58.458531095345748, 34.119908152435642 ], [ 58.460517433307722, 34.122914471347052 ], [ 58.462200336471959, 34.126936598579846 ], [ 58.463366103925978, 34.129697886061393 ], [ 58.465863981328333, 34.134194935045983 ], [ 58.466754055913306, 34.136948203868947 ], [ 58.466989174383734, 34.138435555251 ], [ 58.464580010625589, 34.140781849045553 ], [ 58.460353003696795, 34.144004156048865 ], [ 58.454383999967718, 34.150382850370967 ], [ 58.44856712009296, 34.156193609701084 ], [ 58.44333243242292, 34.160876814188903 ], [ 58.438840746974996, 34.163637100513597 ], [ 58.437410799331126, 34.165432584147922 ], [ 58.438065533889613, 34.166700906145365 ], [ 58.439927322917463, 34.169246838844032 ], [ 58.440986765390228, 34.17086433480295 ], [ 58.442318848189934, 34.172600353780169 ], [ 58.443091647197079, 34.173779336262683 ], [ 58.440985893804736, 34.175880387419483 ], [ 58.438148654859397, 34.178673062891221 ], [ 58.434858793601876, 34.182825863092056 ], [ 58.433005490996749, 34.184955388894174 ], [ 58.431303055702038, 34.186629992755677 ], [ 58.431666295335482, 34.188463089900985 ], [ 58.432261448688799, 34.1918941004175 ], [ 58.433153983530346, 34.194534847047791 ], [ 58.434204569979471, 34.196495164387926 ], [ 58.433071835729685, 34.197498083355001 ], [ 58.430317844452546, 34.202230643634415 ], [ 58.427249523624035, 34.208326200941769 ], [ 58.425363653055875, 34.211594461035681 ], [ 58.423628181000758, 34.214410067924121 ], [ 58.421215810078635, 34.216755566220769 ], [ 58.419396606000518, 34.21762879766203 ], [ 58.418258564187134, 34.218419731148508 ], [ 58.417802743655123, 34.21952063763392 ], [ 58.417234116372676, 34.220893373457976 ], [ 58.419051961319951, 34.225033957050947 ], [ 58.417778876920259, 34.23105212662216 ], [ 58.416871544151611, 34.23388285680582 ], [ 58.415954367218163, 34.23705636057479 ], [ 58.414998903245113, 34.241598711831578 ], [ 58.415157070028208, 34.245819351324016 ], [ 58.415125244829397, 34.246960437678013 ], [ 58.414939345903036, 34.248666898635513 ], [ 58.414682415827201, 34.249955142959806 ], [ 58.414594034609145, 34.253438212039697 ], [ 58.403997876971935, 34.255212514623899 ], [ 58.398164867115511, 34.25986010981385 ], [ 58.38517896192338, 34.271903981292276 ], [ 58.383604871467909, 34.275567108793126 ], [ 58.371742988516651, 34.288613613824239 ], [ 58.365912660581031, 34.291464542223814 ], [ 58.359931962871777, 34.316985599723637 ], [ 58.339639160005021, 34.317672358564451 ], [ 58.335439346842165, 34.316406025587241 ], [ 58.326547777959206, 34.31187547428604 ], [ 58.320810904528578, 34.308632971998364 ], [ 58.320813714964487, 34.308622283487175 ], [ 58.318606674474005, 34.307374714510701 ], [ 58.314320088730142, 34.308178113590024 ], [ 58.308993885798017, 34.306736060214156 ], [ 58.30221199381355, 34.306857485683075 ], [ 58.29790481381697, 34.307324914392218 ], [ 58.295243977731481, 34.307895356661184 ], [ 58.291231233071386, 34.308459406887643 ], [ 58.277635141654898, 34.308653361116846 ], [ 58.274858107462009, 34.308455017140005 ], [ 58.271710025293814, 34.307868204745517 ], [ 58.269835863518814, 34.306547442843069 ], [ 58.264404190100137, 34.302376206497335 ], [ 58.282105756270234, 34.288480334639452 ], [ 58.285903620712212, 34.285884166201612 ], [ 58.296122633025988, 34.278710810321776 ], [ 58.288452233985517, 34.273080311314025 ], [ 58.280262967468751, 34.267050857500415 ], [ 58.277821792526744, 34.264819807855808 ], [ 58.275349232741995, 34.261712756144199 ], [ 58.273312668288604, 34.259746703893342 ], [ 58.269955000226773, 34.255174381060648 ], [ 58.263293977339615, 34.25973662222124 ], [ 58.259575981265826, 34.262250826656974 ], [ 58.25802994314374, 34.263018326868 ], [ 58.254274631559795, 34.263965951584161 ], [ 58.249999710189016, 34.263886752558612 ], [ 58.248588065652825, 34.263628945943495 ], [ 58.247864283373445, 34.2628359929802 ], [ 58.244932752317759, 34.261754369268537 ], [ 58.24180108409314, 34.258733630328592 ], [ 58.239481032033133, 34.254669813834646 ], [ 58.24079547063004, 34.250056745806987 ], [ 58.239644422065183, 34.246462638728005 ], [ 58.240129232140141, 34.24268379435113 ], [ 58.236321676137173, 34.238720608623204 ], [ 58.220352862006358, 34.220017569184478 ], [ 58.213918634941336, 34.223740421629515 ], [ 58.204984327057666, 34.226917156309462 ], [ 58.200337371852044, 34.230049094423983 ], [ 58.190047078010117, 34.234838687817899 ], [ 58.184694621879451, 34.237293783604912 ], [ 58.172263854807731, 34.23844356428615 ], [ 58.171001059561597, 34.237425340305286 ], [ 58.168082483748584, 34.236652845183613 ], [ 58.157513726279035, 34.233439006825797 ], [ 58.140499070867129, 34.233485733853598 ], [ 58.124367603013461, 34.235772036554259 ], [ 58.116962319619937, 34.240565063217595 ], [ 58.105291652636303, 34.245932806355704 ], [ 58.097242140645093, 34.250181335572222 ], [ 58.091772413025886, 34.251500145941613 ], [ 58.086992743726647, 34.253876017870226 ], [ 58.076644350420182, 34.259006132182726 ], [ 58.069047979953822, 34.263849886308591 ], [ 58.061479970773462, 34.269723230078235 ], [ 58.057037546514458, 34.273817453081861 ], [ 58.050254971539864, 34.278186353506641 ], [ 58.043573651321097, 34.281293760912497 ], [ 58.039300528439398, 34.281609636528309 ], [ 58.026683185954035, 34.279916921052852 ], [ 58.022227084472107, 34.278633042614267 ], [ 58.015941561872346, 34.276126462366499 ], [ 58.013732842143796, 34.276171808211231 ], [ 58.007050174486736, 34.279277247173134 ], [ 57.999963294203383, 34.283326686697301 ], [ 57.992066974203738, 34.285104008493477 ], [ 57.986825657280221, 34.286156351023642 ], [ 57.980619900586817, 34.287558877493346 ], [ 57.975388683840578, 34.289981390139189 ], [ 57.968909979067405, 34.291840909372858 ], [ 57.963128622889421, 34.294724916352806 ], [ 57.957907119856429, 34.298747310080522 ], [ 57.953517397011943, 34.303220675654977 ], [ 57.95147036397767, 34.306771654212476 ], [ 57.94236959384542, 34.309441451752996 ], [ 57.936578087836885, 34.311181260513472 ], [ 57.930233642323174, 34.312807763460363 ], [ 57.927760101046765, 34.314875870699133 ], [ 57.924743145769874, 34.318314262816536 ], [ 57.921018476390877, 34.319246386572168 ], [ 57.916170901462039, 34.317553538977428 ], [ 57.911049924313332, 34.316320196679754 ], [ 57.91008791901821, 34.317123190561844 ], [ 57.908721229499442, 34.319527626877786 ], [ 57.906118419724322, 34.32296474642115 ], [ 57.903371636005311, 34.325604777167221 ], [ 57.902141394873119, 34.327778173232076 ], [ 57.90091122419301, 34.329953810708183 ], [ 57.897478734217998, 34.333509573168378 ], [ 57.89390633144999, 34.336836301793767 ], [ 57.890055429496911, 34.339822266845701 ], [ 57.886882425507082, 34.340864328386957 ], [ 57.849296516234894, 34.342614287788678 ], [ 57.815987132977973, 34.34308204996524 ], [ 57.812949986521055, 34.343891336204358 ], [ 57.81004830379063, 34.344016531437653 ], [ 57.806314011414997, 34.343687221761876 ], [ 57.800646631603165, 34.343593652266343 ], [ 57.785310705622365, 34.345131367756316 ], [ 57.775090393704168, 34.346878374677729 ], [ 57.76721560686002, 34.347816260587102 ], [ 57.764178579483477, 34.348626594615318 ], [ 57.767239642276934, 34.352841450839691 ], [ 57.770022928946453, 34.356600304683475 ], [ 57.775304405751058, 34.362293454568494 ], [ 57.780444963025936, 34.367301891231193 ], [ 57.782110688604163, 34.368666514296031 ], [ 57.786690476796373, 34.372077554297633 ], [ 57.79322813109831, 34.379707462999988 ], [ 57.794910621214306, 34.384155966715404 ], [ 57.79493099857843, 34.388038098322554 ], [ 57.795227372258267, 34.391920688494245 ], [ 57.798043835853321, 34.401619263881592 ], [ 57.79874680489494, 34.403900741124026 ], [ 57.802530191483513, 34.41313746215485 ], [ 57.806072552536207, 34.428999332893888 ], [ 57.807052521357377, 34.431166198348777 ], [ 57.807891989923711, 34.432876321842421 ], [ 57.813459387111436, 34.439023471360983 ], [ 57.81819203661091, 34.444030666733838 ], [ 57.819594249147165, 34.447450342684228 ], [ 57.821155032523947, 34.454412976328733 ], [ 57.823407502063112, 34.461370923025868 ], [ 57.826697588570305, 34.469036471732736 ], [ 57.827067532760879, 34.472320988565102 ], [ 57.827230959471535, 34.476887439025631 ], [ 57.825209927157736, 34.486944756559083 ], [ 57.823042308453971, 34.495632302067115 ], [ 57.818888971129354, 34.495761659724025 ], [ 57.809378449921468, 34.500025517500418 ], [ 57.803566452535549, 34.501746124083255 ], [ 57.797746037256708, 34.503711835978763 ], [ 57.790541821105769, 34.505460787627094 ], [ 57.784589799926749, 34.507543959394461 ], [ 57.787690512108711, 34.512544700127492 ], [ 57.7913428047409, 34.517088636412609 ], [ 57.792619252037397, 34.519932253688737 ], [ 57.796296440162891, 34.527097805004679 ], [ 57.800358978932479, 34.530840700246429 ], [ 57.803715488828722, 34.533217396367526 ], [ 57.810735083296919, 34.541163025421596 ], [ 57.81819038461974, 34.55081643534885 ], [ 57.826212049862015, 34.56149355450701 ], [ 57.833517214669293, 34.569665822560779 ], [ 57.837863770339851, 34.573633173855995 ], [ 57.843744847622439, 34.578162391077178 ], [ 57.845986673472808, 34.579972959489503 ], [ 57.84724398839662, 34.580649583754898 ], [ 57.847415818640215, 34.583957889564026 ], [ 57.846968117668958, 34.594906228285552 ], [ 57.846581044410954, 34.611900474120745 ], [ 57.847005224100052, 34.626609833412836 ], [ 57.846419430462568, 34.637674031064257 ], [ 57.84612681652785, 34.650219570488858 ], [ 57.846601728965268, 34.658211736468125 ], [ 57.846224406274978, 34.660025536895198 ], [ 57.853097185961161, 34.665690280911456 ], [ 57.856893794609739, 34.669658440184847 ], [ 57.857985606666723, 34.681398392087296 ], [ 57.859006801591612, 34.686069053969028 ], [ 57.859454209418743, 34.689030417775243 ], [ 57.859919991376728, 34.693817699911108 ], [ 57.86041286228685, 34.701226630760523 ], [ 57.860469411353527, 34.706814839845507 ], [ 57.864308510513844, 34.714774924740631 ], [ 57.865857633991027, 34.716592222887932 ], [ 57.867561091118581, 34.719774551469193 ], [ 57.871390727273067, 34.726708715930052 ], [ 57.874407076995816, 34.735700061679715 ], [ 57.875434730170888, 34.740825867826111 ], [ 57.882978106366537, 34.743174561323912 ], [ 57.887173240481047, 34.744861895627679 ], [ 57.889976474388959, 34.746554754875589 ], [ 57.895400446893888, 34.750036798136883 ], [ 57.8991007263905, 34.755414544894563 ], [ 57.900749733460039, 34.757927232522412 ], [ 57.903919419250464, 34.762038222142593 ], [ 57.909304154798548, 34.767753476071746 ], [ 57.911055089463161, 34.775382615011779 ], [ 57.914764793964785, 34.781772905432895 ], [ 57.916268231072891, 34.785420390472645 ], [ 57.919554356618349, 34.792715439973499 ], [ 57.91966582328925, 34.796355348137105 ], [ 57.922381295024621, 34.80546709548495 ], [ 57.925693323292073, 34.809578638379151 ], [ 57.928831173321505, 34.81823838861235 ], [ 57.928235244611258, 34.823353487303095 ], [ 57.927880009216061, 34.833358617455183 ], [ 57.927792171747278, 34.844955492374289 ], [ 57.929682366336365, 34.852925834377828 ], [ 57.93161319161149, 34.855665825898178 ], [ 57.933268102483176, 34.858062993146071 ], [ 57.942374832122653, 34.87050640494131 ], [ 57.945964339497181, 34.875300479173866 ], [ 57.947896367908371, 34.877927469185728 ], [ 57.954728895978604, 34.88707026602011 ], [ 57.948525254665263, 34.887255350878462 ], [ 57.934721655076366, 34.887181932641958 ] ] ] ] } }
]
}
